header,amino acid:amino acid,amino acid:peptide,amino acid:protein,amino acid:others,nucleic acid:DNA,nucleic acid:RNA,nucleic acid:nucleotide,nucleic acid:nucleoside,nucleic acid:base,sugar:oligosaccharide,sugar:monosaccharide,sugar:disaccharide,sugar:polysaccharide,sugar:UDP-sugar,sugar:glucoside,sugar:hexose phosphate,sugar:others,lipid:phospholipid,lipid:sphingolipid,lipid:cholesterol,lipid:bile acid,lipid:fatty acid,lipid:others,cation:proton,cation:calcium,cation:potassium,cation:sodium,cation:zinc,cation:ammonium,cation:iron,cation:copper,cation:lithium,cation:magnesium,cation:cobalt,cation:barium,cation:strontium,cation:silver,cation:cadmium,cation:rubidium,cation:caesium,cation:manganese,cation:nickel,cation:lead,cation:mercury,cation:anthocyanin cation,cation:others,anion:sulfate,anion:nitrate,anion:phosphate,anion:chloride,anion:bromide,anion:iodide,anion:hydrogencarbonate,anion:arsenite,anion:selenite,anion:thiosulfate,anion:tungstate,anion:sulfurous acid,anion:glycerol 1-phosphate,anion:2-oxoglutarate,anion:nitric acid,anion:aspartate,anion:malate,anion:fumarate,anion:oxaloacetate,anion:superoxide,anion:oxalate,anion:others,electron:electron,others:others
substrate_id: [0],0.8470585,1.1937348,1.2795166,1.0676204,1.3214003,1.4418057,1.1181796,0.95306873,1.1717306,1.1176298,0.9861913,1.1901306,1.3898582,1.3512743,1.3964083,1.1235594,1.207643,0.9600886,0.86130863,1.2376099,1.0649307,1.2952312,1.1361474,0.9044049,0.3738366,0.46278527,0.5858769,1.1031255,0.8353352,1.0842046,1.1355817,0.5426772,0.88500005,1.0515609,0.884232,0.8056756,1.2623593,1.0493313,0.62405497,0.57527107,1.0468462,1.2026908,1.1312091,1.1027119,0.84040993,0.51152676,1.1021034,1.2183384,0.9849743,1.014094,1.1604433,1.1570479,1.0156771,1.1116077,1.248358,1.0736871,1.3214566,1.1021067,1.356213,1.1330918,1.1559712,0.8622107,1.0575613,1.0608212,1.1317122,1.1901264,1.1708496,1.0805147,1.3877425,0.86884576
substrate_id: [0],0.8053649,1.1843721,1.2516373,0.9854557,1.3053546,1.4550903,1.1139182,0.91676825,1.1496753,1.0600226,0.94126445,1.1337391,1.4096605,1.2961982,1.3856468,1.1185755,1.2226322,0.99017644,0.930439,1.2499726,1.0436345,1.2775862,1.1718668,0.80850464,0.42442048,0.38285127,0.53146505,1.1092618,0.8389426,1.0826352,1.1809404,0.48243782,0.9120117,1.0791854,0.90867877,0.84458107,1.3117474,1.060987,0.59723276,0.547805,1.0441064,1.221913,1.1343344,1.1130569,0.7886802,0.55881083,1.0808529,1.1941092,0.9728707,0.96171737,1.0918225,1.0892662,1.0137168,1.1161551,1.2082925,1.047561,1.3169829,1.0650243,1.3612101,1.1143858,1.0776606,0.8201768,1.0212896,1.048147,1.1209575,1.1079903,1.1608638,1.0574373,1.3194898,0.8497155
substrate_id: [0],0.82194495,1.1055578,1.1807282,1.0452698,1.2184756,1.3654829,1.0456277,0.89032894,1.0929112,1.1037573,0.91649336,1.1702954,1.3614302,1.2971907,1.3813868,1.1242508,1.200492,0.8251451,0.74557173,1.127324,0.97007364,1.2295558,1.058111,0.8666533,0.1772424,0.5500661,0.5459312,0.9890243,0.84017426,0.9517868,1.0356766,0.69186604,0.79920334,0.9994757,0.781714,0.7004895,1.2238547,0.98588395,0.7442877,0.7197029,0.9116392,1.1720009,1.0338683,1.0450263,0.794089,0.36580056,1.0811255,1.16289,0.96357983,0.96477497,1.1282187,1.1233695,0.9555784,1.026055,1.2210028,1.0561708,1.2785224,1.0769993,1.4201863,1.0862043,1.1246789,0.8525457,1.0093439,1.021195,1.0854073,1.1625209,1.1307195,1.0126432,1.3948108,0.78862834
substrate_id: [0],0.9093868,1.1250898,1.2234405,1.1159959,1.2430736,1.3675234,1.1164112,0.95854676,1.1488305,1.1096126,0.9958372,1.18306,1.378859,1.3854069,1.3754326,1.2219278,1.2088118,0.8432936,0.73354363,1.1403267,1.0334036,1.27674,1.0625145,0.96086353,0.23533408,0.59455764,0.64772254,1.004943,0.9023269,0.98639756,1.0032642,0.766694,0.8520065,0.9972972,0.79549915,0.7060861,1.1711994,0.9816226,0.77042,0.75242484,0.9450182,1.1634864,1.0215971,1.0557005,0.878717,0.37813166,1.1372626,1.2234951,1.067799,1.0576528,1.2141887,1.2091632,0.9894088,1.0429153,1.2363831,1.1171697,1.3011067,1.1488385,1.4595282,1.1340438,1.2088574,0.92340183,1.0718833,1.0389105,1.1333764,1.2478913,1.1662729,1.0759946,1.4262055,0.851276
substrate_id: [0],0.869122,1.106415,1.1790179,1.0761589,1.2202867,1.3534343,1.0506661,0.9303152,1.1015766,1.1454066,0.9851649,1.2158917,1.3794225,1.3648069,1.4053928,1.1578099,1.2080463,0.83691174,0.74424595,1.1295623,1.0199473,1.2601731,1.0768791,0.90303445,0.17479616,0.5733007,0.6069559,0.9544734,0.866789,0.9251039,0.9847081,0.7292047,0.78181505,0.95318025,0.7475864,0.6612547,1.1761674,0.9473314,0.7564954,0.7300785,0.88355774,1.1283073,1.0089972,1.0447527,0.8642189,0.36437985,1.1067575,1.199593,0.997726,1.0122501,1.1693183,1.1644635,0.97861797,1.0446274,1.2400323,1.082702,1.3009596,1.1037692,1.444515,1.1124697,1.1629819,0.88977873,1.0334135,1.0325626,1.1084145,1.2004552,1.1511296,1.0492914,1.3941631,0.8242272
substrate_id: [2],0.8388158,1.2218864,1.3320341,1.0063615,1.3215497,1.4346803,1.0764971,1.0062033,1.1337746,1.159256,1.077686,1.240821,1.5165098,1.442893,1.4698025,1.1450461,1.174942,1.072143,1.0675071,1.2789277,1.1193558,1.3342379,1.3105053,0.79224586,0.55840945,0.4831419,0.66284895,0.87098485,0.8483931,0.87492895,0.98993415,0.6552641,0.84990585,0.8062539,0.83361155,0.80842805,1.1604512,0.764755,0.64792144,0.6433142,0.8483413,0.8966003,0.8949654,0.88548213,0.96813077,0.6153089,1.0719141,1.1996406,0.99187636,0.99105704,1.1270609,1.1236566,0.9894896,1.0834603,1.0210648,1.0425005,1.1798123,1.0351608,1.4528769,1.1141169,1.0976783,0.86695695,1.0107181,1.0862681,1.1024318,1.1204177,1.1484772,1.0153452,1.3230137,0.8648981
substrate_id: [2],0.8989345,1.2093006,1.2815311,1.0392855,1.2903095,1.398048,1.09113,0.99214804,1.1394789,1.131251,1.0717286,1.2123315,1.4569323,1.4748731,1.4233074,1.2038594,1.1506997,1.0327429,0.9986211,1.241632,1.1251116,1.3302494,1.2726462,0.81902665,0.50346744,0.47596955,0.6723771,0.9065499,0.84978735,0.9102549,0.9831214,0.64069,0.85576516,0.8505727,0.8370153,0.7991068,1.1174357,0.8097482,0.62640244,0.5901629,0.87142926,0.9485647,0.9452071,0.9839834,0.9533067,0.5787444,1.1243078,1.2832572,1.0486385,1.0183948,1.1291988,1.1261976,1.0464283,1.1102612,1.1088265,1.0997932,1.285715,1.1056966,1.4708592,1.1770866,1.0998397,0.945777,1.0650997,1.1282002,1.1620288,1.1015625,1.1707251,1.0931611,1.2880825,0.8921857
substrate_id: [3],0.56463987,1.0922843,1.2202312,0.79571575,1.2516294,1.4508547,0.9551791,0.6914253,0.9382995,0.92248386,0.71650684,0.988267,1.3575755,1.2278519,1.3079867,1.0446609,1.0616934,0.9575486,0.93372726,1.225397,0.820912,1.1684369,1.1371689,0.60122186,0.42131725,0.40250653,0.20588018,1.058251,0.71571994,1.0213907,1.1084509,0.47315246,0.8365245,1.0730458,0.9134006,0.87631524,1.2203346,1.0058656,0.610719,0.62221026,0.99204856,1.2055584,1.0356525,0.93899804,0.5860666,0.45266873,0.9002892,1.0514914,0.84228414,0.7515524,0.93884206,0.9317784,0.80365556,0.8960876,1.0942786,0.88374925,1.1943935,0.9095809,1.3537095,0.9333596,0.92986286,0.6558635,0.8252721,0.8688909,0.9311933,0.9740592,0.94794434,0.84356654,1.2736745,0.5704207
substrate_id: [3],0.49141413,1.0619136,1.2031928,0.69534713,1.2889748,1.4908389,0.91387075,0.6207433,0.8762744,0.95808244,0.5999402,0.9808068,1.3319653,1.1059662,1.2060399,0.9487494,1.0514474,1.0232853,0.9778879,1.277423,0.7726098,1.1378614,1.1368687,0.63606334,0.5638644,0.62729216,0.30092153,1.0665014,0.7788379,1.0130018,1.1138351,0.60459286,0.8360906,1.0941674,0.9429594,0.91671795,1.2325294,1.0385025,0.8049782,0.8098445,0.9910911,1.2301967,1.0632142,0.91233546,0.48393008,0.5966602,0.9304775,1.0687194,0.76536787,0.75757444,0.9485216,0.94157505,0.8443785,0.911979,1.1422874,0.90464187,1.2145922,0.9221695,1.2572715,0.9003164,0.9474626,0.66048837,0.8528615,0.93051505,0.9216002,0.97733235,0.9876499,0.8703888,1.3268176,0.6017934
substrate_id: [4],0.8470597,1.2550455,1.2949061,0.9725173,1.2477146,1.3848072,1.1880841,0.9560586,1.1596516,1.0825709,1.013255,1.1650863,1.521037,1.3557769,1.4543555,1.255296,1.2533776,1.0315756,1.072371,1.2158946,1.0766846,1.2905183,1.245278,0.8040065,0.58299094,0.11982953,0.60270125,1.1137612,0.86197007,1.1101408,1.2165587,0.541726,1.0442562,1.1249781,1.0288293,0.9838397,1.2863541,1.0386925,0.46154732,0.47263783,1.0706289,1.227796,1.122827,1.0938773,0.8725042,0.647225,1.0990742,1.2249733,1.1032575,0.9843317,1.1018596,1.09864,1.0073965,1.0907688,1.1200155,1.0729585,1.266303,1.0719205,1.516935,1.1320732,1.0756533,0.8351862,1.0352612,1.0708584,1.1466503,1.0975194,1.147647,1.0548071,1.285841,0.8779632
substrate_id: [4],0.8652617,1.2565863,1.2882389,1.007073,1.2254274,1.3579432,1.1911814,0.97205704,1.1648893,1.1072955,1.0337123,1.1897038,1.5277549,1.3511513,1.4805659,1.2705734,1.270329,1.0294367,1.0980166,1.1956682,1.0704215,1.2769564,1.2233862,0.85166657,0.61062044,0.14110103,0.63293755,1.1449934,0.8279632,1.1423209,1.2488899,0.54456395,1.0666676,1.1555225,1.0589974,1.0127933,1.3068117,1.070434,0.41022775,0.43135774,1.1056014,1.2531352,1.153756,1.109802,0.9005648,0.6610067,1.1059207,1.2240125,1.121119,1.0128554,1.1375219,1.1338384,1.0158123,1.0888239,1.130709,1.0810654,1.2650433,1.0798944,1.541871,1.1335229,1.1168218,0.84474623,1.0392638,1.0622758,1.1483343,1.1442003,1.1513675,1.0623072,1.3070315,0.8826277
substrate_id: [4],0.7114979,1.1609516,1.1733469,0.9014655,1.073122,1.2485127,1.0604677,0.895867,1.0636784,1.0082659,0.9507963,1.0930951,1.4250567,1.3073162,1.3959495,1.1711944,1.2188756,0.89345485,1.0138206,1.0589052,0.9644432,1.2530822,1.1257514,0.77501285,0.5410378,0.2879154,0.5184333,1.1117291,0.6918394,1.0962307,1.1967758,0.56100476,0.9688777,1.1502426,1.0409969,1.0035493,1.2367861,1.0439776,0.47116283,0.5107568,1.060443,1.244081,1.1149408,1.0165448,0.84996086,0.56406546,0.9967359,1.1812315,0.9965,0.9066113,1.0784237,1.0729984,0.95022464,0.9613172,1.1236136,0.97198033,1.2104886,0.96689796,1.5008817,0.99856585,1.0631467,0.730752,0.9110288,0.9702552,1.0078756,1.114048,1.0504607,0.9408537,1.3084197,0.7204467
substrate_id: [5],0.8624213,1.250712,1.2691488,0.9792924,1.2456272,1.3926498,1.1705034,0.97763705,1.1621176,1.0953895,1.0274051,1.1741089,1.5085407,1.3290176,1.4642038,1.2357415,1.2589288,1.0634301,1.1144896,1.2321626,1.0804006,1.2833592,1.2465212,0.8175427,0.6434393,0.16945013,0.63576907,1.1491491,0.8765809,1.1400769,1.2533443,0.5462191,1.0424643,1.150629,1.0381647,0.99539125,1.3184781,1.0855641,0.44457933,0.4752527,1.1035411,1.2538024,1.1712812,1.1336316,0.8985173,0.70901346,1.0944439,1.2302486,1.0879873,1.0066562,1.1189109,1.1161706,1.0476294,1.0925796,1.1366234,1.0614874,1.28142,1.0540504,1.5018094,1.1260515,1.0916463,0.8313838,1.0213317,1.0627314,1.142158,1.1130978,1.1661229,1.0670787,1.25438,0.89056724
substrate_id: [5],0.8558793,1.2619097,1.2734687,0.9985206,1.2344642,1.3717612,1.1383711,0.96257704,1.1342958,1.1153837,1.0216532,1.1936446,1.5040748,1.3189704,1.4733694,1.2062598,1.2705349,1.025036,1.0902191,1.204271,1.0644051,1.2760235,1.2156104,0.8340358,0.62134206,0.17280501,0.62171704,1.1537168,0.87574965,1.1409355,1.2448788,0.5723384,1.0111734,1.1551228,1.0190537,0.97085595,1.3164765,1.1031305,0.4521458,0.50195646,1.1056715,1.2721047,1.1837285,1.1349994,0.891685,0.68996066,1.0735514,1.2155719,1.0574346,0.9908314,1.1175979,1.1139749,1.0168104,1.0748359,1.1242032,1.0425204,1.2421902,1.0387748,1.4974576,1.1119164,1.0951213,0.81948864,1.0121818,1.04558,1.1210475,1.1276184,1.1435505,1.0343114,1.2861035,0.8727049
substrate_id: [5],0.8705545,1.1946718,1.2104359,1.0106716,1.1896399,1.3451971,1.1401882,0.9612292,1.1379106,1.086517,1.0203909,1.1653444,1.4591815,1.3229741,1.4359702,1.2449596,1.2406492,0.9940636,1.0545404,1.1709429,1.0587429,1.2839854,1.1743703,0.856009,0.5958501,0.18631625,0.62992066,1.1705799,0.8332795,1.1571957,1.2579598,0.5618088,1.0282087,1.1737645,1.0468651,0.9957521,1.3210347,1.1142644,0.40291977,0.44619355,1.1185107,1.2709838,1.1998278,1.1551594,0.89711785,0.65280366,1.106029,1.2205058,1.092775,1.0097548,1.1314676,1.1279534,1.0531826,1.066896,1.1470731,1.075586,1.2760366,1.0736264,1.5127224,1.1205434,1.1111351,0.8559889,1.0284079,1.0641043,1.1310014,1.1413487,1.1561775,1.057087,1.2842196,0.8642841
substrate_id: [5],0.8393921,1.1707741,1.1560241,0.9433272,1.1568726,1.3364186,1.1286486,0.96724445,1.1332648,1.0917605,1.0180632,1.1634618,1.4614755,1.2702068,1.4569116,1.2302061,1.2599366,1.024851,1.1010724,1.1717277,1.0592856,1.2699661,1.2113962,0.8145967,0.6384603,0.23794281,0.637052,1.143745,0.81311226,1.1285182,1.2710016,0.54561144,1.035361,1.159076,1.0543907,1.0148032,1.3471217,1.0871856,0.43479574,0.46120587,1.091113,1.2494795,1.1863636,1.1245317,0.9025072,0.6985687,1.1276206,1.2146645,1.0818064,1.0025368,1.1126982,1.1099232,1.0769683,1.0776273,1.1393026,1.0956084,1.3082669,1.0738637,1.516911,1.1280596,1.0885239,0.847226,1.0299673,1.0718642,1.1493697,1.116512,1.1759344,1.0760971,1.2285743,0.8708854
substrate_id: [6],0.8939756,1.0793637,1.1824543,1.1116804,1.2258785,1.3643091,1.0422498,0.9237648,1.0985042,1.0855185,0.9491076,1.158446,1.3536367,1.3557346,1.356679,1.1913301,1.1703897,0.81111366,0.73659843,1.1230851,0.961738,1.2144401,1.0007077,0.92100024,0.21362403,0.59034383,0.60970217,0.9978216,0.8676451,0.96765286,0.9805408,0.763529,0.78414166,0.98114014,0.74729717,0.66148746,1.1571337,0.9880204,0.7454291,0.7440267,0.9285355,1.1480112,1.011208,1.0535854,0.8516244,0.34890437,1.1056848,1.192674,1.0247073,1.0111192,1.1667778,1.1613698,0.97367024,0.99025065,1.1929468,1.0874797,1.2655275,1.1198186,1.4600797,1.1118585,1.1614823,0.92761505,1.0341849,1.0131049,1.0940179,1.206247,1.1311518,1.0275747,1.4052079,0.79297197
substrate_id: [6],0.8383691,1.0882347,1.1383175,1.0565668,1.1450436,1.2958144,1.0062819,0.8963895,1.0593523,1.119473,0.9557532,1.1911302,1.3887479,1.3065176,1.4021946,1.1433055,1.2243545,0.7810569,0.76652557,1.0614837,0.982063,1.2573953,1.0457853,0.87961847,0.1941951,0.5561984,0.58531106,0.9605851,0.83664083,0.91612077,1.0308254,0.75354034,0.7727078,0.9823805,0.75028485,0.66989714,1.2320815,0.9785901,0.7462992,0.7437,0.87643385,1.149503,1.019334,1.0470089,0.84553754,0.36013597,1.0901896,1.1708754,0.9750564,0.9929226,1.1654692,1.160344,0.98936146,0.990537,1.1678044,1.0537143,1.2231046,1.062608,1.4818056,1.041559,1.1549144,0.847336,0.9742702,0.97975993,1.0400025,1.1939651,1.15532,0.9859555,1.390191,0.77164745
substrate_id: [6],0.83472633,1.0670707,1.1585622,1.0292364,1.1651523,1.3215529,1.0773226,0.94669795,1.1156379,1.0778825,0.9902545,1.1622932,1.4017069,1.3778757,1.396231,1.2001712,1.2181656,0.79435706,0.76100415,1.0825067,1.0102895,1.2612723,1.0798274,0.8401594,0.16769741,0.54744494,0.58989304,0.9204118,0.8506199,0.8923908,0.9909838,0.74377835,0.82748395,0.9455674,0.7762656,0.7080765,1.1921929,0.897518,0.759753,0.74044365,0.8482032,1.0877122,0.9349685,0.9902613,0.8823662,0.33063006,1.0845244,1.165039,1.0276998,0.9728405,1.1325989,1.1280711,0.9582303,1.024102,1.1763457,1.0580794,1.249268,1.0675097,1.4947492,1.074493,1.117607,0.8508152,0.99040824,1.0139374,1.0743613,1.1575438,1.1320827,0.9980898,1.3726842,0.7902984
substrate_id: [7],0.7378399,1.1241723,1.2042121,0.88282764,1.1791315,1.3700074,1.0890163,0.9026817,1.0757216,1.0084153,0.95251465,1.1005261,1.4532809,1.3583972,1.4479203,1.2193377,1.1536145,0.94921225,0.99917465,1.1636331,0.97246814,1.2166647,1.2011535,0.64299107,0.4971703,0.21931875,0.48244375,1.0191466,0.7821705,1.0076344,1.1297609,0.53886753,0.9587443,1.0506836,0.96646065,0.93537706,1.2358876,0.93916035,0.4958094,0.5220976,0.9692399,1.1361599,1.0018735,0.9756254,0.8437816,0.5237857,1.0028455,1.1023791,1.0326805,0.846267,0.97971654,0.97507244,0.89950997,0.98150367,1.0491359,0.9870773,1.2064095,0.9789599,1.5214481,1.0376571,0.95045763,0.7630957,0.9100665,0.96292746,1.0366585,0.9879251,1.0318159,0.92235667,1.2006466,0.7251246
substrate_id: [7],0.8176919,1.2445062,1.2921252,0.97933507,1.223607,1.3540496,1.1748327,0.94375616,1.1470116,1.0907125,1.005477,1.1742187,1.5108786,1.3444874,1.4557244,1.2454591,1.2526771,0.98453856,1.048473,1.1762956,1.0500139,1.2774413,1.1910273,0.81979316,0.57322305,0.13326903,0.5853395,1.1600412,0.8019034,1.1512052,1.2555864,0.52337897,1.0544449,1.1645949,1.0556206,1.0061216,1.3134731,1.0855384,0.42377764,0.4420244,1.1134353,1.260196,1.1564543,1.1034771,0.86908877,0.6259677,1.0897748,1.2017013,1.0912192,0.9669834,1.103076,1.0994903,1.0073869,1.0548964,1.0892798,1.058159,1.2138537,1.0560719,1.5264376,1.0894625,1.0828153,0.80721986,1.0079195,1.0389823,1.1023697,1.1117017,1.1435165,1.0124552,1.3224332,0.8435109
substrate_id: [7],0.8180326,1.2088119,1.2569786,0.9577282,1.2043545,1.3616747,1.165391,0.9612834,1.1480225,1.0725967,1.010659,1.1588914,1.5065111,1.3529146,1.4709486,1.2556584,1.2302846,0.9965502,1.0580479,1.1804478,1.0431441,1.2605627,1.2220067,0.7787685,0.560581,0.12599832,0.58544517,1.0866363,0.8240743,1.081391,1.2043581,0.54849535,1.0291393,1.104593,1.0162265,0.97493845,1.2884259,1.0087718,0.44524625,0.47238857,1.04335,1.196558,1.0876331,1.0523896,0.88785446,0.6098546,1.0777639,1.1865703,1.0938084,0.96365434,1.0925297,1.0888985,0.9879811,1.0554411,1.0958544,1.0517021,1.2414515,1.0440474,1.5369072,1.0904593,1.0662032,0.8092021,0.9923537,1.0353677,1.1024208,1.0932356,1.1273264,1.0159147,1.2701027,0.8338325
substrate_id: [7],0.8529561,1.2463114,1.2876352,0.995502,1.2222854,1.3592709,1.1915808,0.9833945,1.1758096,1.091726,1.0285829,1.1780839,1.5154499,1.3666091,1.470349,1.2618723,1.2519975,0.98898786,1.046583,1.1789,1.067256,1.2741694,1.2181336,0.8132623,0.56570697,0.1366228,0.6136444,1.1036553,0.86074024,1.1002862,1.2095692,0.57350904,1.0410657,1.1167881,1.0212159,0.9752024,1.2877544,1.0289615,0.46387848,0.4879264,1.0607233,1.2142034,1.1073432,1.0830446,0.90082496,0.6264837,1.0951554,1.2128476,1.1082652,0.98081535,1.1051706,1.1019717,1.0046605,1.0797052,1.1030588,1.0686041,1.2375422,1.0649768,1.5351369,1.1177921,1.0791423,0.8369291,1.0258436,1.0691576,1.1266176,1.1058371,1.1474586,1.0332762,1.2962711,0.870202
substrate_id: [7],0.7753249,1.2167376,1.2719519,0.90063745,1.2197708,1.3841041,1.1390136,0.92776245,1.1130656,1.0469236,0.97976243,1.1340406,1.5019689,1.357635,1.4720247,1.2237486,1.1968408,1.0115695,1.0650378,1.2012968,1.0259852,1.249132,1.2630067,0.6770108,0.576953,0.18148994,0.5362261,1.0430974,0.835378,1.0378208,1.1683421,0.5392613,1.0062982,1.0739721,1.0029811,0.97319907,1.2589583,0.96197355,0.49979433,0.521991,1.0004467,1.1641347,1.038372,1.0082303,0.8562568,0.6177273,1.0295074,1.1468779,1.0541667,0.88409156,1.0046365,1.0008746,0.930952,1.0377207,1.0557534,1.0102712,1.2139695,0.99975485,1.5190697,1.074871,0.97215533,0.7806093,0.95409614,1.0070682,1.0793365,1.0001327,1.0731406,0.96545315,1.209053,0.79920805
substrate_id: [7],0.81052494,1.1698242,1.2294936,0.93767124,1.1600885,1.3355528,1.1652048,0.95162123,1.134972,1.012875,1.0004679,1.1099637,1.484708,1.3754056,1.463263,1.2867855,1.2106316,0.94560534,1.0158863,1.1366892,1.0204952,1.2453593,1.2117399,0.7178055,0.5420519,0.22378787,0.56582105,1.0581557,0.8192694,1.0532815,1.1802663,0.58686554,1.0384922,1.1020498,1.02352,0.9887125,1.2707272,0.9778286,0.5012826,0.52217317,1.0123304,1.1771419,1.036436,1.029339,0.8881663,0.5684616,1.0554177,1.1405456,1.1131423,0.9061391,1.0263658,1.0225111,0.94617844,1.0296199,1.0541223,1.0388743,1.2142575,1.0315228,1.5676141,1.0827668,0.9957068,0.8149848,0.967237,1.0069017,1.0867761,1.0295215,1.0793309,0.96967256,1.2230662,0.7964305
substrate_id: [7],0.8461156,1.2446042,1.2835733,0.99822384,1.2454104,1.3779608,1.1489453,0.9529902,1.1383954,1.114463,1.0161259,1.1924806,1.5154954,1.34073,1.4526943,1.2270772,1.2457796,1.0354377,1.0923619,1.2152504,1.0595684,1.2827408,1.209854,0.8486822,0.59125435,0.12922674,0.61455256,1.1393553,0.8327515,1.1300982,1.2287858,0.54318565,1.0148824,1.1301339,1.0171444,0.96799767,1.292536,1.0720096,0.41279885,0.44986936,1.0947907,1.237305,1.1581777,1.1090437,0.88408774,0.65251935,1.0874928,1.2362639,1.0748168,1.0173112,1.1534551,1.1496906,1.0294439,1.068725,1.1144625,1.0519804,1.247064,1.0518606,1.5081646,1.1020893,1.1315676,0.81788784,1.0127535,1.0534834,1.1172636,1.1580809,1.1593976,1.0492524,1.3216754,0.86312556
substrate_id: [7],0.8922939,1.301828,1.2875047,1.0039729,1.2378247,1.3603549,1.1914178,0.9644303,1.174097,1.1225872,1.0132017,1.1899253,1.5175456,1.3074547,1.4539968,1.2407146,1.2832375,1.0541332,1.0941329,1.2090597,1.0956523,1.2942832,1.2596244,0.87096846,0.6174602,0.2041074,0.65577716,1.1191056,0.8858451,1.1147139,1.2286593,0.56942976,1.0418421,1.1330748,1.0294217,0.98191917,1.2925452,1.0606204,0.48803547,0.48993933,1.0742193,1.2546504,1.1701919,1.1338336,0.86992687,0.7012629,1.1601484,1.3000693,1.1077886,1.0518849,1.1612651,1.1585006,1.0747634,1.142796,1.1625247,1.1297827,1.3280249,1.1264116,1.5008248,1.1833156,1.1362678,0.89107424,1.096946,1.1254286,1.2029772,1.15409,1.2150474,1.1335574,1.2958211,0.9372736
substrate_id: [7],0.85104185,1.263323,1.2670455,0.98887223,1.223017,1.3478268,1.1519755,0.9569795,1.1351681,1.1325362,1.0264618,1.2052094,1.4967034,1.3139864,1.4617777,1.2227545,1.2792773,1.0182719,1.0853592,1.1873242,1.075136,1.2824363,1.2034631,0.8676297,0.6223038,0.17595004,0.63242567,1.1806052,0.8360545,1.1717368,1.2675606,0.5488734,1.0392911,1.174132,1.0550488,1.0036951,1.3236744,1.1152074,0.43089044,0.4627492,1.1354218,1.2835212,1.2083132,1.134947,0.88938653,0.6919978,1.118147,1.2480007,1.0801065,1.0109135,1.1386976,1.1350731,1.0435009,1.0940008,1.1374279,1.0877501,1.2717065,1.0826962,1.5038174,1.1447577,1.1215919,0.8431711,1.057086,1.0843594,1.1591452,1.1498706,1.1679946,1.072714,1.3172894,0.8920795
substrate_id: [7],0.8286351,1.2569711,1.2877299,0.97744924,1.2414547,1.3807975,1.153724,0.9477331,1.1367003,1.1087041,1.0059446,1.1850971,1.5154012,1.3219664,1.4632128,1.212638,1.2533835,1.047357,1.1081846,1.2189491,1.0554038,1.2773901,1.2296921,0.83183545,0.617414,0.12084295,0.6035972,1.1430745,0.8389106,1.134573,1.2450866,0.53059053,1.0301733,1.1485667,1.0417305,0.99659234,1.3062634,1.0769049,0.42301476,0.4619853,1.1000845,1.256381,1.1672027,1.1024294,0.87200636,0.67498404,1.0694427,1.2170694,1.0628904,0.997532,1.13293,1.1290494,1.0058973,1.0763806,1.1329808,1.0379398,1.255125,1.0361232,1.4955403,1.0987984,1.1123827,0.79773355,1.0055742,1.0488582,1.11611,1.1408975,1.1403964,1.0412155,1.3075421,0.8620062
substrate_id: [7],0.8655129,1.2584008,1.1894293,0.99300086,1.0605497,1.1768782,1.0925901,0.9004245,1.0537932,1.1149145,1.0139657,1.1805905,1.4391156,1.315183,1.4437401,1.2475548,1.2522671,0.914564,1.0164745,1.0312859,1.0646765,1.3112904,1.1903503,0.8848634,0.6193745,0.35497728,0.6548843,1.144436,0.82107127,1.135585,1.2307434,0.6765657,1.014947,1.1810366,1.0593632,1.0092354,1.2743615,1.100743,0.5337773,0.575976,1.0954413,1.2914401,1.2019508,1.1213485,0.8864714,0.6661001,1.1396384,1.2918199,1.0965769,1.0050712,1.1355419,1.1303557,1.0488876,1.0410361,1.1389998,1.1187865,1.280597,1.1106257,1.5594639,1.1357205,1.1190166,0.8903299,1.0575022,1.0603546,1.1463667,1.1405582,1.1414238,1.0697975,1.2841178,0.8604421
substrate_id: [8],0.8504958,1.261226,1.297143,0.9916074,1.2438922,1.3804637,1.1874173,0.97234535,1.1704113,1.0901886,1.0171503,1.1677012,1.5002064,1.3519269,1.4556414,1.2513036,1.2274173,1.049523,1.0972608,1.218272,1.0686313,1.27978,1.2419356,0.841477,0.6210327,0.14774805,0.62462807,1.1293461,0.84453934,1.1313174,1.227642,0.5336559,1.0539292,1.1321046,1.0564766,1.0132022,1.2808169,1.0424182,0.4171698,0.44778532,1.094731,1.2270657,1.1423455,1.0761852,0.887866,0.670697,1.1046866,1.2451537,1.1043894,1.011528,1.1359576,1.1323196,1.0191339,1.0911438,1.1313611,1.0807074,1.279973,1.0811137,1.5085111,1.1332529,1.1137164,0.8458437,1.0445533,1.0761075,1.1477708,1.1347506,1.1513727,1.0728863,1.290434,0.88164526
substrate_id: [8],0.8951253,1.2647735,1.273168,1.0337788,1.2143903,1.3499863,1.1996492,1.0030739,1.1923316,1.1042835,1.038099,1.1835566,1.5023514,1.3325258,1.4702407,1.2645543,1.2804923,1.0157479,1.0839032,1.1811862,1.0721798,1.2656566,1.2059702,0.8825087,0.62429446,0.17476991,0.6614832,1.1550941,0.8715896,1.1521045,1.2516997,0.58525527,1.064527,1.1689506,1.0597953,1.0113006,1.3087084,1.0904723,0.43199965,0.4705281,1.1137967,1.273472,1.1799141,1.1341227,0.91520333,0.68500066,1.1219457,1.2497454,1.1235918,1.0331366,1.152365,1.1490699,1.0403138,1.1091292,1.1560702,1.0984,1.2873389,1.0984966,1.5274231,1.15589,1.1319159,0.8757518,1.0675793,1.094839,1.1679082,1.1612962,1.1701238,1.0869392,1.3057389,0.90969855
substrate_id: [9],0.82456106,1.239699,1.3177998,1.0022216,1.2689066,1.4017335,1.1556302,0.9490398,1.1473433,1.0814571,1.0108854,1.1665511,1.5019375,1.3630953,1.4577069,1.2218246,1.2167274,1.0338342,1.0669501,1.228995,1.0591297,1.287237,1.2297655,0.8304904,0.5665542,0.1722692,0.58542776,1.1224608,0.7746637,1.1205184,1.2202339,0.4762118,1.0223404,1.1048238,1.0341704,0.98840857,1.2941496,1.0286493,0.38310012,0.3906291,1.0868256,1.1941335,1.1197708,1.0567685,0.87605864,0.60899705,1.0824255,1.1884873,1.0707555,0.9836402,1.1202348,1.1161854,0.9850026,1.087967,1.099999,1.0597098,1.2310374,1.0684,1.4829673,1.107363,1.1021447,0.83486897,1.022476,1.0491607,1.1086714,1.1371021,1.1282214,1.0279218,1.3222053,0.84543985
substrate_id: [10],0.7444748,1.1043355,1.2268393,0.92943585,1.238562,1.4001848,1.0847619,0.923249,1.0936084,1.03733,0.9854007,1.1293492,1.4655803,1.3611902,1.3904123,1.1972483,1.197835,0.9636066,1.0232544,1.1994891,1.0022894,1.2568227,1.120681,0.7678783,0.48200187,0.23747693,0.5199012,1.118151,0.71777296,1.1000737,1.1872095,0.48724645,0.95655084,1.0807012,0.9753001,0.9281102,1.2806932,1.0279005,0.43124786,0.44536683,1.0662273,1.1606092,1.0836321,1.0261335,0.8677058,0.5304374,1.038266,1.1448473,1.0216416,0.9232661,1.0799382,1.0756809,0.97125214,1.0085548,1.0385199,1.0049723,1.1738906,1.0085465,1.4852889,1.0417786,1.0616227,0.76885796,0.9536078,1.0024294,1.0431682,1.1019818,1.0931952,0.95188934,1.3394217,0.7567968
substrate_id: [10],0.82917863,1.2446539,1.2788721,0.9490412,1.235233,1.3799385,1.1825888,0.9729351,1.1663979,1.0726763,1.0324781,1.1570625,1.5134559,1.3574141,1.4539069,1.2338699,1.2594798,1.0516869,1.103987,1.2184219,1.0927893,1.3014567,1.2633952,0.792479,0.6204288,0.19411805,0.6171911,1.1217015,0.822732,1.1172405,1.2450793,0.50229853,1.0557684,1.1279836,1.060301,1.0221242,1.3117154,1.0351539,0.45742103,0.4464716,1.0792048,1.2116275,1.1330706,1.09096,0.89672613,0.6805506,1.0934491,1.2249839,1.0866306,0.9837133,1.0994602,1.0967745,1.0272375,1.1363176,1.1259623,1.0637577,1.278946,1.0578837,1.4929492,1.1217148,1.0724277,0.8233005,1.023552,1.0754411,1.13779,1.0949427,1.1566572,1.0620532,1.2686293,0.8864265
substrate_id: [10],0.80663395,1.258904,1.285739,0.95037675,1.2520285,1.3947269,1.1443647,0.95228136,1.1442147,1.0713338,1.002239,1.1520348,1.498912,1.3113203,1.4337503,1.1664814,1.2732912,1.0526335,1.1087645,1.2296069,1.0690523,1.2911546,1.2363268,0.8049791,0.6269589,0.1876465,0.591295,1.1561048,0.8253493,1.1436616,1.2631676,0.49138165,1.0213927,1.1522056,1.0517507,1.0104553,1.329632,1.0846697,0.45285144,0.46393797,1.1094921,1.2530578,1.1769233,1.1089354,0.86559063,0.6971798,1.0508903,1.2146248,1.0228133,0.9695034,1.100459,1.0974175,1.0119542,1.1213789,1.1424263,1.018591,1.260225,1.0188727,1.4438075,1.1062709,1.0798274,0.7901655,1.0075916,1.0740527,1.1181406,1.1089891,1.1353236,1.0382466,1.30595,0.8712347
substrate_id: [12],0.8389571,1.1737416,1.2161195,0.9955119,1.1470907,1.2976388,1.1448174,0.93868345,1.1280936,1.0638465,1.0112798,1.1529546,1.4716301,1.3644537,1.4389942,1.2626745,1.2357119,0.9075208,0.96581036,1.1038615,1.0512303,1.2937527,1.178329,0.8125642,0.45968524,0.23760942,0.58621097,1.0603428,0.7964033,1.0501808,1.1780732,0.59710586,0.9993722,1.0884086,0.9928472,0.9419894,1.283131,0.9944485,0.50222117,0.50380355,1.0073136,1.1792765,1.076526,1.0642128,0.8810943,0.51855814,1.0942988,1.1916683,1.0980861,0.96970254,1.1062756,1.102286,0.9933571,1.0634344,1.105755,1.068394,1.2376459,1.0676596,1.548665,1.1088771,1.0842831,0.8417615,1.0140977,1.0624329,1.1178446,1.1144795,1.1285009,1.0168893,1.3142467,0.828126
substrate_id: [12],0.87654644,1.2366011,1.2733723,1.018984,1.1909596,1.3154988,1.2158732,0.9982281,1.1919727,1.1237448,1.0529584,1.207731,1.5122155,1.4027842,1.4738501,1.292654,1.2595522,0.93421394,0.973136,1.1298575,1.0899273,1.2914917,1.2092923,0.8514322,0.49129212,0.25121063,0.6418996,1.0470526,0.88009816,1.0476464,1.1601416,0.6390031,1.036867,1.0798665,0.99451995,0.9403687,1.2553781,0.97587717,0.5532178,0.55256957,1.0019035,1.1825027,1.0672377,1.0668156,0.92045784,0.56607836,1.1342,1.2451628,1.1405463,1.0133513,1.1429306,1.1395892,1.0132481,1.1095262,1.1310627,1.107166,1.2628295,1.103703,1.5599883,1.1366669,1.1181105,0.8618086,1.0576566,1.0932287,1.1538812,1.138542,1.1757163,1.0657762,1.3252969,0.8947681
substrate_id: [13],0.73824805,1.136216,1.1627395,0.8983583,1.0686886,1.2526565,1.0485457,0.85027313,1.0155061,1.0296564,0.9353736,1.1050193,1.4566141,1.3113865,1.4173138,1.2269164,1.1732638,0.94632345,1.057997,1.0819818,0.9489418,1.2390616,1.1787211,0.7736368,0.54737365,0.3156386,0.5382608,1.0338949,0.6772725,1.0218287,1.1532294,0.5891902,0.9704073,1.0909579,1.0208282,0.9901501,1.2113651,0.9652981,0.4747348,0.51349974,0.9868776,1.1759198,1.0539478,0.97263956,0.83466095,0.54182774,1.0466732,1.1875306,1.046931,0.9506,1.1123955,1.1062129,0.9577794,0.96751654,1.086025,1.0230185,1.2312543,1.0162964,1.5549691,1.0004652,1.0919603,0.78096646,0.91985476,0.9592926,1.014895,1.1313047,1.0772768,0.97426236,1.2780596,0.71608275
substrate_id: [13],0.8745364,1.2248203,1.3058515,1.0553164,1.2862307,1.415508,1.1449314,0.9742386,1.1579087,1.1194161,1.0428466,1.2081842,1.4874676,1.3913375,1.4665731,1.1994996,1.213305,1.0258416,1.0365978,1.2410191,1.0876062,1.3134903,1.2208831,0.83423007,0.56063074,0.2591141,0.61634886,1.1178428,0.83835596,1.1078513,1.2125885,0.5223757,0.99287254,1.0969381,1.0085893,0.9579388,1.3021538,1.049294,0.43774217,0.43903354,1.0731108,1.187296,1.1425511,1.1197294,0.9076461,0.6126275,1.0465256,1.1679188,1.049327,0.98238516,1.1120572,1.1088094,1.0021876,1.0835197,1.0875779,1.0164189,1.2060096,1.0305722,1.4764035,1.1115214,1.0923733,0.8426212,1.0050237,1.0710672,1.1097822,1.1249264,1.120257,1.0081859,1.3188918,0.8617771
substrate_id: [13],0.7921237,1.2249733,1.3257483,0.92978674,1.310864,1.4580129,1.1373589,0.9003218,1.108194,1.0374857,0.9658235,1.1130368,1.5103285,1.3316139,1.3809534,1.2082243,1.183468,1.1212204,1.1333325,1.3055022,1.0554612,1.3215662,1.2698135,0.8069825,0.63533384,0.23966852,0.5753317,1.1486049,0.8115899,1.1414828,1.226211,0.4869245,1.0238155,1.1218567,1.0436801,1.0047754,1.2734853,1.0565968,0.43241295,0.45708433,1.1110452,1.2114567,1.1361734,1.0620991,0.83008546,0.6696439,1.0572779,1.205224,1.0522838,0.9989834,1.1348268,1.1308899,1.0117942,1.0313601,1.0858212,1.0227699,1.2331444,1.0334659,1.444588,1.062514,1.110263,0.7909039,0.98580545,1.0362942,1.0820465,1.1436124,1.1272787,1.0284598,1.31268,0.8260128
substrate_id: [13],0.7805234,1.2455329,1.2711161,0.95238936,1.2220497,1.376048,1.0816295,0.8911017,1.0886081,1.0523757,0.94552815,1.1307884,1.4730597,1.2863766,1.4317521,1.1406718,1.2155907,1.0214709,1.0821766,1.2045299,1.018956,1.2848979,1.2288734,0.7535367,0.5905086,0.18764998,0.53124213,1.113264,0.8102122,1.0946151,1.215516,0.50816417,0.957919,1.1213073,0.99776876,0.9594592,1.29016,1.061081,0.4448639,0.4838563,1.06143,1.2359649,1.1408039,1.0809733,0.81463283,0.64636487,1.0057408,1.1751747,0.97985953,0.9241329,1.0630772,1.0590633,0.9751164,1.0182036,1.1020566,0.9734945,1.2153596,0.97493535,1.452479,1.0407513,1.0390054,0.7629177,0.9345609,1.0004457,1.0474137,1.0754862,1.0922985,0.97147137,1.2713501,0.7919964
substrate_id: [13],0.75850034,1.2166797,1.2860662,0.9305084,1.2594401,1.4186952,1.1041479,0.8266702,1.0623971,1.0365149,0.8717471,1.1034682,1.4850903,1.2531655,1.4014933,1.1853772,1.1809881,1.0507267,1.1016116,1.2411063,0.94798946,1.2153933,1.199369,0.7712118,0.58582896,0.15637621,0.48890218,1.1437191,0.7695129,1.1257547,1.2357186,0.46699053,1.0069041,1.1553729,1.0353625,0.99410444,1.2982793,1.0804037,0.41123313,0.44852588,1.0943369,1.2663257,1.1466321,1.0667495,0.73325443,0.62122905,1.0333664,1.1661367,1.022377,0.9333753,1.0779779,1.072882,0.9482798,1.0190674,1.1011319,1.007917,1.2339858,1.0210487,1.4695117,1.0462838,1.0620283,0.7749939,0.9598846,1.0004761,1.0619671,1.0889915,1.0858285,0.98954356,1.3093781,0.7715647
substrate_id: [13],0.7971708,1.1514282,1.2467277,0.98669857,1.1840242,1.3397627,1.1141381,0.85857266,1.0736234,1.0504615,0.92264307,1.1322849,1.4707729,1.358426,1.4314761,1.2532239,1.1639597,0.904124,0.92454875,1.1309974,0.95931005,1.2290288,1.1655647,0.78351146,0.35912398,0.30285975,0.5029554,0.9686945,0.78194517,0.96134377,1.0696981,0.6116501,0.9463584,1.022971,0.9308703,0.8821992,1.1927478,0.9050857,0.5520658,0.5588432,0.9206224,1.137441,0.9717612,0.96274304,0.7939957,0.38143268,1.058553,1.1446401,1.0752534,0.93651974,1.092687,1.0865333,0.8826173,0.99699926,1.1064321,1.0461718,1.2278477,1.0615389,1.5460693,1.0677919,1.0761988,0.8254612,0.9773742,0.99726963,1.0744953,1.1110586,1.0674967,0.9759918,1.3308082,0.74866927
substrate_id: [13],0.8668163,0.9914901,1.0997496,1.1136714,1.147013,1.3231982,0.99791574,0.92430645,1.063102,1.1039549,0.9529824,1.1748836,1.3161585,1.3342007,1.4009866,1.1941699,1.1377344,0.79681665,0.7812202,1.0800747,0.90369654,1.1718646,0.9642653,0.93210596,0.28578368,0.5828076,0.60431516,0.98371285,0.7762938,0.95906246,0.9863045,0.7511721,0.7974095,1.0005525,0.8222171,0.7522308,1.1465765,0.9685601,0.6679899,0.6914033,0.92513293,1.1427413,1.0174837,0.9985258,0.881287,0.30219027,1.0663444,1.1197506,1.0193936,0.99596506,1.1693311,1.1619803,0.9082825,0.93130416,1.1958517,1.0649643,1.2637035,1.0970935,1.4957114,1.0704073,1.1749212,0.91371006,0.99716914,0.9790857,1.0583656,1.2281835,1.0531197,0.9901497,1.3976213,0.72795725
substrate_id: [13],0.6647907,1.0850254,1.23271,0.91543216,1.2610446,1.4297773,0.9806585,0.721591,0.970836,1.0004245,0.75040954,1.0617548,1.3598102,1.261748,1.3106798,1.0761917,1.0822158,0.8851401,0.817123,1.190739,0.84150374,1.1751934,1.0819359,0.72031003,0.2710559,0.49798188,0.32989243,1.004721,0.75353837,0.9662334,1.0345688,0.58929884,0.8045443,1.022685,0.8490239,0.79435295,1.1827525,0.9713211,0.6923964,0.68492633,0.93305826,1.1722734,0.99638045,0.9489981,0.6181677,0.3296712,0.97333556,1.0727943,0.8877714,0.8188331,1.0046006,0.997602,0.82208407,0.9276719,1.1309317,0.95828956,1.19606,0.99315,1.3769459,0.97787297,1.0020729,0.7548628,0.9033332,0.9315125,0.97141635,1.0504411,1.0029407,0.88420194,1.3639034,0.6300152
substrate_id: [13],1.0314982,1.2835618,1.3428335,1.1559479,1.2915821,1.39049,1.2948456,1.1546165,1.3092395,1.1131744,1.184608,1.1960092,1.465601,1.430159,1.4872347,1.3936001,1.2559739,1.1718695,1.224026,1.2818599,1.1807803,1.3152022,1.2750164,1.0337807,0.8650423,0.55528826,0.8700325,1.2896137,0.8126152,1.314343,1.334704,0.63135946,1.2154522,1.2300972,1.2179383,1.1846676,1.3138391,1.1522592,0.4155916,0.40016398,1.2893794,1.2575794,1.2326814,1.1504674,1.100576,0.86274153,1.2147502,1.277838,1.2736465,1.1363711,1.2094247,1.2070701,1.1437434,1.1164114,1.1988468,1.2211493,1.3558263,1.2359444,1.5502574,1.2727548,1.2022952,1.0768092,1.1928786,1.2011867,1.2688284,1.2240119,1.1780084,1.1986127,1.318,1.018358
substrate_id: [14],0.83382326,1.2394291,1.259513,0.9951332,1.2004976,1.3467616,1.1209884,0.90787333,1.1028082,1.0747976,0.9659431,1.1523758,1.4734796,1.3057791,1.4384452,1.2010674,1.225723,0.99934417,1.0865377,1.1731379,1.0158751,1.2534829,1.1929215,0.8001625,0.61992425,0.18245882,0.5741934,1.1548684,0.8056264,1.140433,1.2534286,0.52634466,1.0259622,1.1774302,1.0712454,1.0299771,1.3066044,1.0987196,0.40023845,0.43784386,1.1044207,1.2722604,1.1837171,1.1268942,0.83657223,0.65964806,1.0440228,1.1853753,1.0479254,0.92968065,1.0545393,1.0503563,0.9795255,1.0649815,1.1096885,1.0247382,1.2249895,1.0329077,1.5011872,1.0977968,1.0368644,0.839387,1.0004978,1.0656649,1.0982062,1.0672294,1.0849588,0.9971366,1.2928067,0.83034104
substrate_id: [14],0.8154304,1.2354604,1.2852143,0.9704743,1.2777822,1.4164768,1.1171438,0.9414743,1.1196208,1.1101272,1.0081848,1.1878245,1.4826554,1.3373908,1.4470983,1.1646187,1.2226042,1.0543435,1.0946239,1.2504872,1.0718553,1.2941415,1.2350794,0.7948568,0.61562026,0.18494776,0.5811611,1.1396934,0.8256435,1.1292872,1.2331594,0.47453728,0.99543923,1.1220139,1.0342355,0.99075586,1.3053906,1.0663455,0.40697473,0.43004373,1.095679,1.2190013,1.1712294,1.097528,0.8697129,0.675706,1.0575262,1.1834844,1.0176162,0.94023263,1.0637231,1.0602486,0.9928323,1.0891055,1.1143923,1.0346147,1.238386,1.0395969,1.4500164,1.1124382,1.04556,0.8296456,1.0214981,1.0828097,1.1125723,1.0716923,1.1075199,1.0174782,1.2948385,0.8574397
substrate_id: [15],0.84676903,1.246846,1.2919477,0.9950824,1.2331084,1.3722658,1.204034,0.9801491,1.1878318,1.0817342,1.0104938,1.1666013,1.524837,1.3326765,1.4482557,1.251769,1.2831099,0.99776846,1.0662261,1.1907552,1.0563779,1.272605,1.199762,0.82798207,0.57388234,0.18202415,0.6111021,1.1339747,0.8653469,1.1241959,1.2364216,0.5772613,1.054217,1.1509405,1.0304633,0.9822874,1.3091218,1.0709559,0.4914674,0.5086539,1.0858526,1.2563834,1.1336763,1.1083006,0.8806648,0.6422068,1.0787126,1.2052481,1.1007085,0.9863651,1.1178118,1.114864,1.0077858,1.0705339,1.1053842,1.0459217,1.2245338,1.0458645,1.5274898,1.1047041,1.0945328,0.8110149,1.0158981,1.0767794,1.1230875,1.1243066,1.1507922,1.0258932,1.3407882,0.87164754
substrate_id: [16],0.8240858,1.2799766,1.3182156,0.9839619,1.2412032,1.3634924,1.1573412,0.9300354,1.1316665,1.0870142,1.0001271,1.1647161,1.5039762,1.3259885,1.4478692,1.2244471,1.2442634,1.0389004,1.0996282,1.2067171,1.063278,1.2956839,1.2365866,0.841656,0.628859,0.1587207,0.59789914,1.174955,0.7797034,1.1708223,1.2652235,0.4942739,1.0538338,1.1691179,1.0789427,1.0344714,1.3088826,1.0914652,0.37545574,0.39783177,1.1370368,1.264256,1.1768909,1.0980484,0.86171556,0.6730023,1.0921315,1.2145156,1.0777802,0.9798747,1.1109525,1.1069463,1.0073498,1.0697082,1.123346,1.0691468,1.2387239,1.0725449,1.4922339,1.1153727,1.0939617,0.837835,1.0362636,1.0685434,1.1209327,1.1263986,1.1321684,1.0370754,1.3229927,0.8585455
substrate_id: [16],0.8429683,1.1995243,1.2297703,0.96874195,1.2341009,1.3885679,1.117446,0.96525276,1.1331226,1.0882763,1.0333729,1.1670613,1.5027355,1.3043149,1.4250233,1.1972615,1.2675409,1.0857644,1.1566017,1.2417885,1.0879384,1.3183985,1.234734,0.83366805,0.65012753,0.25077888,0.64372885,1.1562748,0.795422,1.1379466,1.2702957,0.5120769,1.0106093,1.1346782,1.0316478,0.99246204,1.3419715,1.0925976,0.4168312,0.4276718,1.1057712,1.2231663,1.1832119,1.13549,0.90841866,0.7139501,1.08583,1.222255,1.0490267,1.0274717,1.1509926,1.1483012,1.0826079,1.0888377,1.1174822,1.04176,1.264669,1.0311683,1.4793155,1.1062351,1.1261907,0.8190412,1.0042307,1.0790789,1.1236384,1.1543194,1.1774546,1.0630119,1.3005937,0.8757262
substrate_id: [16],0.7811758,1.2086736,1.268131,0.97032535,1.2427661,1.3888283,1.0650564,0.86191237,1.0599953,1.0773473,0.922828,1.1498747,1.4735295,1.3092216,1.4192274,1.1679237,1.1785978,1.0053003,1.0456265,1.2092674,0.9700494,1.2343428,1.1781809,0.8017612,0.5010764,0.1607469,0.5091406,1.0739247,0.7698867,1.0595735,1.1449578,0.51504946,0.92114305,1.0751837,0.95191723,0.90411305,1.2202839,1.0148029,0.4234688,0.46487454,1.0258584,1.2027808,1.1005527,1.0371809,0.79328907,0.5505251,1.0337111,1.1945044,0.9996364,0.9635559,1.1210272,1.115503,0.94665134,1.0009766,1.0895008,1.0062402,1.226891,1.0184599,1.4781237,1.0680381,1.1047528,0.7865652,0.9683671,0.9998838,1.0743302,1.1405092,1.0935483,0.9957846,1.3245028,0.7693617
substrate_id: [17],0.91751355,1.1555583,1.0991706,1.0952996,1.0609195,1.19949,1.0209848,0.9623721,1.082651,1.1690753,1.0387379,1.2401527,1.3676422,1.382053,1.4583266,1.1851673,1.2249587,0.79505,0.81172466,1.0005684,1.0350102,1.2685692,1.0993581,0.9153739,0.35372126,0.53883976,0.67142975,0.927316,0.87419945,0.9057272,0.9757829,0.78659445,0.7873212,0.9864081,0.8002435,0.7322981,1.1111617,0.9448915,0.7111234,0.7158749,0.85793537,1.1565101,1.0454789,1.0803776,0.93876296,0.45735732,1.1072922,1.274202,1.0240469,1.0418541,1.1901462,1.1847832,1.0147684,1.0324426,1.2207651,1.0855776,1.3147683,1.0907589,1.5262548,1.1220388,1.1754147,0.9124866,1.0195547,1.0132197,1.1198603,1.2149822,1.1485215,1.0688599,1.3022863,0.8362498
substrate_id: [17],0.8244622,0.98333937,1.1125199,1.0643631,1.1397473,1.3181741,0.97292185,0.86875397,1.0173252,1.0621068,0.90732324,1.1319163,1.2945124,1.3553278,1.3770865,1.1890602,1.0745269,0.7651971,0.6885673,1.0661305,0.88158965,1.1765842,1.0093362,0.86477727,0.19215775,0.6415344,0.5615975,0.90117,0.7869176,0.8729413,0.9082753,0.7860004,0.75867945,0.9415654,0.7731702,0.70905566,1.0987543,0.89042956,0.76428765,0.7737716,0.8362711,1.0857722,0.9226875,0.93144417,0.8371911,0.17853041,1.0497439,1.1030241,1.0006274,0.94817114,1.1251734,1.1174966,0.8776197,0.8902708,1.1691675,1.0455108,1.2396667,1.0720501,1.4890639,1.0332607,1.1246158,0.8874235,0.950193,0.9256978,1.0156394,1.1754805,1.0382051,0.94853026,1.3555107,0.672456
substrate_id: [17],0.6608632,0.88371205,1.091256,0.9229918,1.0779155,1.3279116,0.93460006,0.839384,0.9536671,0.91126716,0.81872094,0.9867596,1.1958542,1.3496472,1.3687642,1.169751,0.91273606,0.81269217,0.8120101,1.0684777,0.6896449,1.0334344,1.0283132,0.67613864,0.5669184,0.79973733,0.50659007,0.96205693,0.6688897,0.93636876,0.9642275,0.79993045,0.8746692,1.0604492,0.9758388,0.9673655,1.0575796,0.91269803,0.83813167,0.85986155,0.9175785,1.1234965,0.86497456,0.79433,0.8366248,0.41024897,0.830816,0.8650904,0.9519499,0.7022775,0.89794207,0.8875055,0.6837307,0.6693467,1.1063915,0.8679038,1.1387706,0.89791405,1.481112,0.83323866,0.9080194,0.7834535,0.7084787,0.7161393,0.7895404,0.98474133,0.7627938,0.70377356,1.2125516,0.40754655
substrate_id: [20],1.1818559,0.78014326,0.48874137,1.2526466,0.9297405,1.1338823,0.74960816,1.1636391,0.9944151,1.3043189,1.2242384,1.3189088,1.045135,1.2426151,1.3017623,1.1257887,1.2678404,0.9394633,1.0263283,1.0055587,1.1062728,1.2513303,0.8653213,1.230574,0.97434217,1.1861043,1.1240464,1.1953926,1.0887264,1.1259018,1.142026,1.241766,0.7936455,1.1829418,0.9614117,0.93103063,1.286878,1.2976738,1.1699326,1.2082561,1.1124765,1.2706966,1.3493189,1.3294978,1.2498997,1.0039726,1.2511992,1.3240116,1.0362297,1.2509588,1.3394468,1.3348786,1.3180319,1.1125586,1.3448731,1.2290955,1.4167544,1.2115704,1.4172521,1.2350999,1.3466506,1.2189635,1.163699,1.1542325,1.2127801,1.3917683,1.2564515,1.2277348,1.3036246,1.0448925
substrate_id: [20],1.0136104,0.69257957,0.52810943,1.1281884,0.83285296,1.0987107,0.72068435,1.0442775,0.90073186,1.1881262,1.1204108,1.2192231,1.0811385,1.2474433,1.3022834,1.1527395,1.1777012,0.8331548,0.9808809,0.92432153,0.9674513,1.2008638,0.7990385,1.106251,0.8576035,1.0320204,0.95870644,1.2020535,0.8975875,1.1391617,1.1639905,1.103707,0.82229966,1.2124304,1.0073761,0.97468144,1.2637773,1.2611805,0.9981129,1.0588295,1.1219349,1.2810156,1.2958398,1.2211692,1.146519,0.84335154,1.1404057,1.208416,1.0093316,1.1222149,1.2544506,1.2476044,1.1862235,0.9341366,1.2310727,1.1217071,1.3012834,1.1056083,1.4830818,1.0670787,1.2630774,1.0638108,1.0073991,0.9826519,1.0460184,1.3242443,1.1240636,1.0637124,1.2869309,0.8405761
substrate_id: [22],1.0955813,0.5895017,0.41155535,1.165301,0.7758149,1.0982718,0.969303,1.2154218,1.1174699,1.1291852,1.1628486,1.147815,0.8875748,1.2002945,1.2943045,1.2743499,1.1748286,0.8061332,0.9730793,0.8695968,0.9445484,1.0429484,0.7087829,1.1438332,1.0475821,1.1979778,1.09166,1.3421689,1.0113535,1.2884377,1.3258046,1.2197077,1.0971575,1.3829597,1.2311507,1.2147486,1.401974,1.3754076,1.1522908,1.2008057,1.270784,1.3818254,1.3600166,1.281094,1.2496586,1.0127282,1.2125618,1.1422447,1.1643558,1.1006805,1.172063,1.1682001,1.2557213,1.0154537,1.2617265,1.2125077,1.3274051,1.1815602,1.5016742,1.1375045,1.1872541,1.1756104,1.0906092,1.0787107,1.1132741,1.2471476,1.1514599,1.0919802,1.1835464,0.94801205
substrate_id: [22],0.9760338,0.78921115,0.75999755,1.1518193,0.8463351,1.0914857,0.9357725,1.0574714,1.0470742,1.0989915,1.0430386,1.1624048,1.1113324,1.320544,1.3501414,1.2177571,1.1854252,0.5165178,0.7267747,0.78003055,0.8396984,1.0322752,0.65007347,0.9838623,0.66622794,0.9440751,0.83313596,1.1327804,0.9049451,1.0774186,1.0936593,1.0571972,0.8904533,1.2098603,0.99284655,0.95331424,1.2135043,1.1805061,0.9842786,1.020682,1.0460744,1.285352,1.150769,1.1664498,1.0704963,0.63949066,1.0443594,1.0873021,1.0544493,0.93027,1.0629683,1.0566092,1.0032654,0.92040855,1.2020776,1.0526993,1.2029994,1.0606321,1.5532583,1.0651017,1.074861,1.0248693,0.9733794,0.98828524,1.0206934,1.1572597,0.9992723,0.91577375,1.3057355,0.7679287
substrate_id: [23],0.81383574,0.9717425,1.1948135,1.0406364,1.2155385,1.3791659,0.9963959,0.935918,1.0245682,1.0120436,0.99072355,1.0635505,1.2270448,1.3613948,1.3378835,1.2616107,0.9164204,1.1082112,1.132109,1.2410996,0.8946988,1.1629627,1.0912235,0.9633144,0.89144176,0.89422786,0.7771565,1.3139107,0.3174566,1.3020909,1.2910858,0.6873574,1.0948105,1.2452856,1.2229187,1.2076472,1.2484397,1.1921258,0.6628145,0.6493452,1.2945662,1.2246298,1.1902558,1.018786,0.99593025,0.7786039,1.0787609,1.0646865,1.100019,0.9903528,1.1260186,1.1189405,1.0583013,0.80033654,1.1322088,1.0848318,1.2206353,1.1054896,1.4456466,0.96313125,1.1441067,0.9765238,0.9180375,0.85207933,0.92630845,1.1922803,1.015184,0.971482,1.2856615,0.6764695
substrate_id: [23],0.80038875,1.0410691,1.2165574,1.0231767,1.1941113,1.3325487,0.9959283,0.948495,1.0068698,1.0495012,1.0264373,1.0953835,1.251627,1.3285407,1.3409455,1.2221926,1.0261776,1.1215595,1.1885259,1.2187319,0.93466693,1.1956085,1.093204,1.0219905,0.9668528,0.9279681,0.81954646,1.38791,0.28345558,1.3761022,1.3721951,0.71450925,1.1446749,1.3266912,1.3052033,1.2890648,1.30558,1.2692784,0.6931887,0.68682986,1.3711067,1.3084412,1.2797222,1.0488158,1.0246733,0.8664126,1.087326,1.0833071,1.0825962,1.002221,1.150592,1.1431152,1.0655898,0.8696037,1.1597556,1.09599,1.1983645,1.1137449,1.4215218,0.97782964,1.1777774,0.9739587,0.96441615,0.8923225,0.94423276,1.2349197,1.0159208,0.9793233,1.3453951,0.73125124
substrate_id: [23],0.77915627,1.0559524,1.2130404,0.98746836,1.1824522,1.3199285,0.99612707,0.91655576,0.9913578,1.03404,0.9983892,1.0771902,1.258744,1.2952659,1.3153931,1.2075077,1.0442297,1.1163964,1.1943334,1.208975,0.9369774,1.209489,1.1061941,0.9904357,0.96568465,0.905741,0.7951495,1.3954797,0.28169936,1.3799953,1.395642,0.68977207,1.1547344,1.3429874,1.3197075,1.3041822,1.3330691,1.2806325,0.68456614,0.6705618,1.3734363,1.3243408,1.2942291,1.0642602,0.988244,0.8737487,1.0836208,1.0829362,1.0694952,0.9679237,1.1109582,1.1039712,1.0708135,0.8730736,1.1388226,1.0893401,1.1849457,1.1032377,1.4205331,0.9928207,1.1372534,0.9655982,0.97479063,0.9443387,0.96364295,1.1891383,1.0120535,0.96805614,1.348978,0.733077
substrate_id: [24],0.79949206,1.0462538,1.1616638,0.9124466,1.1349968,1.2904136,1.0307758,1.0231456,1.0521777,1.0488962,1.1189715,1.1128469,1.3082422,1.3815498,1.4102689,1.2355641,1.1017357,1.1342298,1.2241333,1.1965777,1.0600885,1.2659392,1.243603,0.86665344,0.990159,0.92128384,0.8459351,1.2938637,0.41926262,1.2832615,1.3594892,0.7173626,1.1579809,1.2507983,1.286782,1.2903032,1.3412937,1.1631011,0.7622562,0.7149564,1.275441,1.1896443,1.1853235,1.02698,1.101622,0.9202394,1.0900987,1.0680183,1.0929579,0.9242925,1.0154108,1.0114859,1.1065918,0.9684677,1.089727,1.0914487,1.2096193,1.0673765,1.4686191,1.0362506,1.0194248,0.9657827,0.95434123,0.9797597,1.0094733,1.0622996,1.0398829,0.97887963,1.1852703,0.8015735
substrate_id: [24],0.8958238,1.0938207,1.1632897,1.0832193,1.0811142,1.2016817,1.034398,1.010455,1.0680989,1.0927533,1.088507,1.1340922,1.2408928,1.3357226,1.3738095,1.2641362,1.0777587,1.0993687,1.180768,1.1251911,1.0100291,1.2459415,1.1466142,1.0838169,0.9678913,0.9512405,0.90095085,1.3278048,0.3613748,1.3219792,1.3509231,0.7924428,1.1479415,1.2922516,1.2928703,1.2775903,1.2929306,1.2201622,0.7407213,0.7154254,1.3141546,1.2743274,1.2652712,1.0702368,1.0847989,0.88326454,1.1641502,1.204979,1.1379379,1.1075605,1.243552,1.2373338,1.1603305,0.94486845,1.2169167,1.1638833,1.2927952,1.1658725,1.4796879,1.069845,1.2617631,1.0387785,1.0346642,0.9911,1.0508704,1.3018627,1.1149287,1.0942984,1.3293737,0.8287135
substrate_id: [24],0.90368855,1.1298205,1.207014,1.0651098,1.1189164,1.2143964,1.0600822,0.9833026,1.0391328,1.1446424,1.1016847,1.1798841,1.3158295,1.3324801,1.3883924,1.2806855,1.1272312,1.1446162,1.2345614,1.161474,1.053403,1.2811301,1.1962903,1.0849111,1.0136311,0.96317625,0.91809344,1.353655,0.40947908,1.3479501,1.3917527,0.79666144,1.2012702,1.3265913,1.3407712,1.3265207,1.3283278,1.2473075,0.75954837,0.72345275,1.3404126,1.3036587,1.2949088,1.0984149,1.0761864,0.9329371,1.1921208,1.1949087,1.1638216,1.0931245,1.2134655,1.2072538,1.1576339,0.9977254,1.2185508,1.1956308,1.283567,1.1976666,1.4920886,1.0783883,1.2336042,1.0603579,1.0696799,1.0374283,1.0707065,1.2680856,1.11648,1.1023849,1.3541499,0.8728886
substrate_id: [24],0.7992848,0.99141777,1.1103432,1.0218623,1.0046595,1.184315,0.9789327,0.9257011,0.986081,0.9870223,0.9839122,1.0360775,1.1854491,1.3007474,1.3396393,1.2522811,0.99117434,0.9948082,1.1135453,1.051484,0.86347455,1.1648947,1.0592878,0.9731597,0.92527014,0.9339568,0.8013059,1.3130846,0.29818696,1.2957141,1.3382852,0.8063075,1.1322609,1.318994,1.2938191,1.2830029,1.2940527,1.2198157,0.75412244,0.7616567,1.2877204,1.2930855,1.2198595,1.0202328,1.0079391,0.8027048,1.0364118,1.0541941,1.093057,0.9595382,1.1189208,1.1108919,1.0372808,0.77807933,1.1101216,1.0444835,1.1631749,1.0487865,1.5110836,0.94337165,1.1410328,0.9446198,0.88917255,0.8675671,0.91397786,1.1914701,0.96678644,0.9128466,1.2946298,0.6528834
substrate_id: [24],0.5798572,0.97362816,1.1294461,0.80459386,1.1626989,1.3800389,0.868616,0.7970517,0.89684314,0.91513145,0.86005497,0.978612,1.244255,1.248679,1.3212101,1.0792851,0.97019863,1.0611949,1.1389768,1.2145704,0.8205568,1.1510946,1.1255032,0.67458266,0.81787425,0.72852224,0.5434861,1.2681178,0.3313065,1.232855,1.3088461,0.51584935,0.9955143,1.2376546,1.1702307,1.1649387,1.3108752,1.1748086,0.60078907,0.60280055,1.2226479,1.2459825,1.180174,1.0001267,0.84240335,0.74351144,0.88044006,0.9529054,0.8848568,0.7457365,0.90594,0.89912164,0.94788367,0.7777398,1.0395042,0.8697897,1.1266253,0.86822766,1.383622,0.8492389,0.9125221,0.74102634,0.7246601,0.7852343,0.8150254,0.97203845,0.8933353,0.78001744,1.1760836,0.5115453
substrate_id: [24],0.7996886,1.0524564,1.204941,0.9886201,1.1793112,1.3183335,0.9865462,0.9436111,0.99915564,1.047942,1.0408754,1.0899503,1.2656045,1.3184769,1.3382875,1.2056079,1.0462099,1.1534655,1.2142656,1.2255149,0.99491394,1.2578301,1.1813822,0.99030477,0.98781526,0.95758873,0.84006274,1.3455045,0.31743538,1.3322463,1.3672688,0.7289078,1.1383677,1.2864408,1.2959849,1.2884502,1.3243722,1.2252853,0.754037,0.7259011,1.3286165,1.2539849,1.2491865,1.0310359,1.0300331,0.90024626,1.1110252,1.1021894,1.072284,1.0027242,1.1325171,1.1261578,1.1052693,0.93513405,1.1597013,1.1135193,1.2280883,1.1203746,1.4035857,0.9786383,1.1521703,0.9855819,0.9657621,0.9282534,0.9557772,1.1997759,1.0535728,1.0076977,1.3091333,0.7682708
substrate_id: [24],0.9068992,1.1126217,1.2530053,1.0957396,1.1956135,1.2986292,1.0811886,0.99035347,1.0750073,1.0984064,1.0778718,1.1358045,1.3029383,1.3248054,1.3583763,1.2932543,1.0943438,1.1617372,1.2213621,1.2182449,1.0279344,1.2610682,1.1638802,1.1041869,1.0034463,0.96987873,0.91081667,1.3860677,0.39240804,1.380171,1.4011737,0.7751336,1.2054232,1.3251973,1.3277287,1.31005,1.3467231,1.2674078,0.7458357,0.7130366,1.3745327,1.3003258,1.2896857,1.0904686,1.0606352,0.91738933,1.2059861,1.173085,1.1759537,1.1111281,1.2348995,1.2288595,1.1638134,0.9791288,1.1982378,1.2074523,1.2661043,1.2206753,1.4575262,1.0618229,1.2559795,1.0699645,1.0691335,0.9964087,1.0446216,1.2986289,1.1385481,1.0988697,1.3791871,0.8585487
substrate_id: [25],0.78883874,0.94612545,1.1233397,1.0142962,1.1007122,1.3001562,0.9170797,0.92990434,0.98435,0.90430266,0.9680532,0.9597767,1.149705,1.2824206,1.2918261,1.1940247,0.94569004,1.0696367,1.1417166,1.1619033,0.865325,1.1849319,1.0838332,0.946873,0.93910325,0.95570004,0.78994775,1.3293518,0.27798516,1.306163,1.3321824,0.76481986,1.0757582,1.2855045,1.2492646,1.2452515,1.3067544,1.2296014,0.74586195,0.7523915,1.3041219,1.2546586,1.2084851,1.0179831,1.0050296,0.8219958,1.0058663,1.0066702,1.0329508,0.9580949,1.1077342,1.1005923,1.0579791,0.7522339,1.0922815,1.0109148,1.1538283,1.0244219,1.4196582,0.9129062,1.1253152,0.9453206,0.84907037,0.82017833,0.86065656,1.1964109,0.9663662,0.8939332,1.258475,0.62032765
substrate_id: [25],0.7512053,0.9522169,1.1430955,1.0031481,1.1296206,1.322674,0.9122777,0.9042848,0.9678531,0.9599251,0.9519214,1.0189203,1.2127571,1.2785636,1.3441758,1.1776173,0.9807058,1.0447062,1.1254063,1.1667068,0.83319044,1.143902,1.0567895,0.91963965,0.8797116,0.9014914,0.7368688,1.3034014,0.2528736,1.2762284,1.316659,0.71768785,1.0480313,1.259999,1.2044011,1.1947637,1.3163778,1.2110891,0.70660067,0.71312135,1.2735269,1.249258,1.1871862,1.0033176,0.9732581,0.7677287,0.99339217,0.97670084,1.0094504,0.93185616,1.0969912,1.0893996,1.0137281,0.7630897,1.0745186,0.99378085,1.1244845,1.0069551,1.4374486,0.8834499,1.1156704,0.89852446,0.8225244,0.77054626,0.83307636,1.186249,0.96685666,0.86022395,1.2823497,0.5905965
substrate_id: [26],0.50165176,1.0184406,1.1642745,0.59198165,1.2106576,1.4442532,0.9543238,0.8510487,0.9481861,0.9296455,0.87467945,1.01118,1.3854269,1.303822,1.3738838,1.043651,1.0890648,1.005618,1.0717529,1.2311931,0.89159626,1.1548483,1.2349637,0.22338907,0.7094285,0.65214217,0.44148698,1.0148242,0.80775476,0.97099864,1.1281523,0.6610853,0.9158804,1.0540606,0.98914284,1.0011041,1.2572228,0.94726104,0.82746327,0.8379516,0.95088637,1.0970051,0.92888784,0.86547935,0.82237184,0.70868224,0.7934472,0.9019265,0.8314542,0.5159438,0.66344035,0.65903145,0.793767,0.9034407,0.93433565,0.77749085,1.0577961,0.74001306,1.400783,0.84921014,0.62070996,0.59972787,0.68081844,0.8502616,0.8340978,0.6683423,0.86230767,0.66830105,1.0899149,0.5862555
substrate_id: [26],0.6058409,1.0917896,1.1532657,0.7513612,1.1777861,1.3815042,0.96261734,0.8513979,0.9997998,0.9898145,0.903935,1.0795022,1.409735,1.3047214,1.4191583,1.0564119,1.1664548,0.9357389,0.97758627,1.1718187,0.95003706,1.2210726,1.2080654,0.43307808,0.5054646,0.4471538,0.39482152,0.982126,0.7606515,0.9405509,1.0962325,0.5446384,0.828463,1.0084648,0.87195307,0.85693514,1.233716,0.939053,0.6693498,0.659077,0.9075671,1.1151391,0.96724916,0.9581758,0.80321926,0.5665318,0.8920709,1.0319453,0.84975976,0.6887767,0.8301566,0.82701975,0.88858926,0.90833545,1.0314392,0.8591988,1.1579056,0.83090055,1.4324237,0.9423809,0.7927616,0.6450264,0.7682344,0.88868165,0.9360856,0.8377129,0.98664254,0.8082534,1.1459938,0.6385333
substrate_id: [28],0.763214,1.008656,1.1511247,0.90211457,1.333374,1.4892279,0.90243196,0.9587467,1.0058662,1.1809722,0.98894155,1.241079,1.3818072,1.3838317,1.3767581,0.98513615,1.1791551,0.9982008,0.97200555,1.2875853,0.9864666,1.1713535,1.1466466,0.6892699,0.5496259,0.8031599,0.6336454,0.7917624,0.9466519,0.74135953,0.77323425,0.8353217,0.6175224,0.7691279,0.6278248,0.6182624,1.0270847,0.7917411,0.97166705,0.9531488,0.7209064,0.94099146,0.8184692,0.87253255,0.9226546,0.6369297,0.9436468,1.0874265,0.80574805,0.8005291,0.92864436,0.9238771,0.8441609,1.0187877,1.1915065,0.94279903,1.2432636,0.9467812,1.3482734,1.0605569,0.92045754,0.8494178,0.9344,1.051928,1.0378017,0.9500584,0.98525953,0.92878145,1.3316405,0.7901364
substrate_id: [28],0.9189668,0.94342947,0.9222442,1.034786,1.1467171,1.3196396,0.8520661,1.053665,1.0416142,1.2459471,1.0882565,1.2946137,1.3141162,1.3323585,1.4142101,1.0674592,1.2385886,0.91063577,0.9103309,1.1305648,1.0303019,1.1928855,1.0594567,0.9178235,0.5352777,0.85039806,0.8036681,0.77621204,0.95939577,0.7180128,0.7768046,0.9597331,0.53767735,0.7545057,0.51718825,0.47817072,1.0558232,0.84076244,0.9776635,0.9813106,0.6902035,0.95467234,0.9137305,0.9723224,1.0528296,0.6475242,1.1363149,1.2528994,0.91159034,1.0660683,1.1946857,1.1904657,1.083042,1.027459,1.2405787,1.1084273,1.3610314,1.0843086,1.4372588,1.1384015,1.1813912,0.9713639,1.0289074,1.0612961,1.1310675,1.2161644,1.1948718,1.1064975,1.3070751,0.87621874
substrate_id: [28],1.0890806,1.1638253,1.1528406,1.1906668,1.3770269,1.4685652,0.6964585,1.0917797,0.98769987,1.3090097,1.1838712,1.3415611,1.2826059,1.4000396,1.3376167,0.85531676,1.2077984,1.1966954,1.1094967,1.3740929,1.2118572,1.4017557,1.2804867,1.0604262,0.8568174,1.0729318,0.98982203,0.84145474,1.1494708,0.7886528,0.69842535,1.1112304,0.28399336,0.69089603,0.49023584,0.49208504,0.96452636,0.9340846,1.1503356,1.1653273,0.79331934,0.9202444,1.0320446,1.0942445,1.1460994,0.9387173,1.0765852,1.3247823,0.76020664,1.1761776,1.2774286,1.2730254,1.1416619,1.1379868,1.2800714,1.0529792,1.34652,1.066911,1.1784422,1.2234915,1.2647718,1.0958364,1.0903829,1.1361433,1.1799865,1.3032447,1.1892816,1.1717246,1.3223119,1.0276952
substrate_id: [28],1.0925714,1.1532774,1.1172628,1.1633742,1.3368156,1.4333491,0.6868308,1.0993369,0.9673159,1.3013542,1.1924059,1.3388778,1.3043795,1.3945783,1.3487437,0.8809724,1.2562526,1.1596494,1.122135,1.3339524,1.2082709,1.3838134,1.2703079,1.0102344,0.8778421,1.090227,0.9951514,0.82291514,1.1847281,0.7593365,0.6846711,1.1543845,0.30503023,0.7081739,0.46826872,0.489125,0.9719179,0.93917185,1.1874132,1.20665,0.7633408,0.9308491,0.9999738,1.102725,1.1614038,0.9618658,1.0608171,1.2915512,0.77566445,1.1150478,1.1955258,1.1916139,1.1213574,1.1148806,1.2479577,1.0442249,1.3017287,1.0494175,1.2404656,1.219088,1.1773939,1.1072013,1.0788554,1.145516,1.1676656,1.2189323,1.1556851,1.1254295,1.2938147,1.0243007
substrate_id: [29],1.0267575,1.1437247,1.2268049,1.0596539,1.4628817,1.5611731,0.7972069,1.1536323,1.0510644,1.3017641,1.2464384,1.3398765,1.3933591,1.4748378,1.3623221,0.9157092,1.1820483,1.3377217,1.2455119,1.4935839,1.2827119,1.437535,1.4352621,0.972551,0.9269455,1.085535,1.0145327,0.71297306,1.1103073,0.6874475,0.6652655,1.0617741,0.4634795,0.40220016,0.5244292,0.5808651,0.96140474,0.6988494,1.1589972,1.1481469,0.7084993,0.5776323,0.83718574,0.898783,1.2089239,0.9967711,1.1156313,1.3318326,0.8174521,1.186951,1.271042,1.2687067,1.1858668,1.1847198,1.204236,1.0800678,1.3572389,1.0598083,1.181968,1.2182612,1.2419405,1.0663148,1.0827314,1.1748477,1.1894212,1.259659,1.2448336,1.2050797,1.271825,1.0565109
substrate_id: [29],0.8680212,1.0687176,1.2200272,0.95163417,1.419788,1.5546485,0.7552228,1.0789627,1.0077622,1.1641858,1.154118,1.2089529,1.3317448,1.4273043,1.3124888,0.90873945,1.0805422,1.3036478,1.232668,1.4659052,1.1814775,1.4007335,1.3887272,0.88916063,0.8878496,1.0189614,0.89931554,0.8186376,0.9260279,0.8005501,0.77698195,0.9368219,0.5307516,0.5414853,0.6554715,0.7042319,0.9962643,0.72417754,1.0450618,1.0425715,0.8212767,0.6256702,0.82012707,0.7512386,1.1338428,0.9180508,1.0428985,1.241506,0.7724743,1.1004387,1.2183614,1.2147229,1.119975,1.0295168,1.1390314,1.0112447,1.2857203,0.9929887,1.1754788,1.0890303,1.194746,0.9583432,0.96909684,1.0422232,1.0575365,1.2300513,1.1582209,1.0963985,1.254102,0.9002049
substrate_id: [29],0.8418478,1.0907428,1.2262988,0.982772,1.3832674,1.5068836,0.770737,1.0409169,0.9954161,1.1903403,1.0778913,1.238817,1.3477877,1.408783,1.3126469,0.82029223,1.1621649,1.1279619,1.0655726,1.3598486,1.087515,1.3082081,1.2569206,0.8446404,0.76289177,1.0288686,0.8253559,0.73069125,1.029918,0.6768274,0.6417628,1.021952,0.4092939,0.6067817,0.5250543,0.56145966,0.9421744,0.74888295,1.1476344,1.1488715,0.69053316,0.7935249,0.7669823,0.79741704,1.0562174,0.8194567,0.92051804,1.1701431,0.67007667,0.9641331,1.1097082,1.1050575,0.9559232,1.0237892,1.1707278,0.90095496,1.190045,0.9054006,1.1910703,1.0230218,1.0948819,0.89513665,0.912596,1.0289725,0.9850369,1.1418935,1.0532614,0.9627309,1.3584322,0.8548554
substrate_id: [33],0.72988564,1.1274797,1.3229403,0.9430392,1.2256112,1.3662182,1.0162666,1.0123856,0.99684423,1.0579983,1.0483449,1.1393961,1.3127106,1.3886986,1.3884025,1.0199922,1.176297,0.92352045,1.0707927,1.1559067,0.9778905,1.2231871,1.1329726,0.7045628,1.0088109,1.044466,0.77648205,1.2802713,0.966113,1.2394298,1.2984141,1.0205197,1.1041316,1.3223531,1.2530116,1.2580394,1.3715566,1.2448593,1.1113366,1.1470283,1.2382854,1.3141582,1.1425878,1.0234113,1.0442326,0.94757766,0.6278693,0.6094946,0.86842555,0.33852527,0.5524165,0.54334897,0.6526662,0.88999254,0.9633544,0.6825791,0.6261783,0.69616735,1.3697726,0.78132474,0.5891017,0.7706738,0.7220018,0.9036773,0.67467856,0.69771296,0.5977784,0.21531044,1.3397732,0.7069737
substrate_id: [37],0.8979002,0.8208826,0.7451549,1.0696679,0.9079887,1.2315501,0.97024256,1.0938008,1.1100022,1.0953472,0.99787706,1.1373357,1.0752528,1.1087964,1.4517193,1.1276722,1.1689404,0.78468406,0.92418355,0.9505386,0.7782553,0.91643727,0.8011181,0.96352565,0.8233055,0.9027154,0.82175875,1.2542968,0.8870485,1.199866,1.3102242,0.9470251,1.000307,1.3224592,1.1197269,1.0905318,1.4229958,1.2875134,0.90217936,0.963646,1.1807618,1.3964155,1.2916144,1.1789286,1.0494399,0.8055004,1.0230843,0.9946792,0.991207,0.95898885,1.0978527,1.0926774,1.0420572,0.9600743,1.2136989,1.0191638,1.2638931,0.99837697,1.45855,1.0049399,1.1138049,0.916805,0.91128564,0.8954233,0.9913042,1.1880928,1.0431491,0.9392164,1.1665597,0.77182627
substrate_id: [37],1.0335606,0.87457913,0.79403156,1.1430585,1.0828909,1.3724399,1.0596169,1.2273204,1.2380532,1.1372988,1.1129253,1.1455072,0.98441607,1.0518488,1.3950036,1.1348096,1.1506032,1.1151466,1.1519232,1.1936492,0.9649704,1.0420494,0.9587608,1.1503494,1.088556,1.0536227,1.0328826,1.4500262,0.9679029,1.4084252,1.4905,0.9766652,1.1493003,1.4322789,1.2881987,1.264763,1.54008,1.4441166,0.9508821,1.0032233,1.3977548,1.464473,1.4896445,1.3127313,1.1748126,1.0803508,1.1721725,1.167539,1.0668653,1.1956325,1.2895465,1.2873241,1.2968267,1.1142856,1.3085462,1.1482899,1.4300559,1.1238798,1.2953218,1.1148486,1.3022914,1.0449682,1.0545623,1.0131973,1.1305704,1.358677,1.2326556,1.182428,1.1112086,0.9845676
substrate_id: [37],0.80456877,0.9209389,0.90951526,0.8820846,0.8186223,1.0973663,0.9999578,0.9730731,1.0052888,0.92599607,1.0257107,1.0110674,1.2825181,1.2383162,1.3191683,1.2415287,1.2400717,0.7720552,1.0129002,0.8804811,0.9830725,1.2793273,1.0467443,0.7620544,0.79956573,0.79080415,0.7440814,1.2124072,0.8238831,1.1631391,1.316256,0.9249319,1.0643067,1.2797372,1.1493045,1.1360558,1.4138203,1.1990337,0.87055486,0.9150157,1.1376152,1.2875993,1.1624516,1.1137128,1.0094953,0.7743742,0.99311584,0.98218,1.0634927,0.80783904,0.9335633,0.9299599,1.0419128,0.820208,0.98230517,0.96764654,1.0304649,0.92292297,1.5839258,0.94974315,0.9137428,0.8438206,0.8586878,0.9881615,0.9337069,0.9784145,1.0010412,0.7743305,1.2268562,0.71503377
substrate_id: [38],0.65888375,1.1359122,1.2975942,0.841589,1.2847672,1.4318978,1.0219834,0.96158224,1.0003288,1.0850178,0.98895454,1.1550126,1.3052988,1.3636216,1.4093745,0.96751946,1.180645,0.96120507,1.0246302,1.2194166,0.9752686,1.1722327,1.1801751,0.5907518,0.9207964,0.95041966,0.66445684,1.2048659,0.93129635,1.1730711,1.2255951,0.87149656,1.052909,1.2547315,1.2023883,1.2048427,1.3007119,1.1528784,1.0425805,1.0433141,1.1635495,1.2845174,1.1125541,0.97851324,0.9463156,0.89288944,0.7104571,0.7040043,0.8205296,0.15040371,0.3569964,0.34571365,0.5898529,0.9947457,1.1304071,0.7869644,0.9640992,0.8036818,1.2952116,0.93461883,0.42672428,0.7955145,0.8451447,1.005292,0.864025,0.53241503,0.5958777,0.5417571,1.2850901,0.7433946
substrate_id: [39],0.72928935,0.81431055,0.98259914,0.8507586,1.2818522,1.5109335,0.52928877,0.861029,0.75947773,1.0510038,0.9410503,1.0638026,1.1642398,1.1150234,1.1446028,0.7803011,1.026504,1.2373861,1.2436181,1.3877485,0.96825135,1.3018254,1.1663623,0.88035274,0.96360666,1.0105792,0.79277676,1.2169411,0.7721625,1.1451851,1.2245574,0.87020653,0.7289988,1.106478,1.0047038,1.0138698,1.347777,1.2034699,0.96963054,1.0040851,1.1572187,1.1436328,1.2353103,1.0464853,0.95134056,0.9561838,0.90313786,1.0367668,0.62226737,0.97496915,1.1284168,1.1225324,1.0998616,0.9202909,1.1362842,0.8544894,1.197273,0.8408622,1.0948079,0.9030726,1.1339709,0.8192158,0.81152064,0.947902,0.88835764,1.1836969,1.0224313,0.92717314,1.2885389,0.72261256
substrate_id: [39],0.96086377,0.69820946,0.51651305,1.0065607,0.8212561,1.1180445,0.63863415,1.052195,0.8493766,1.1464676,1.1004581,1.1675248,1.0540377,1.253725,1.3185713,1.1019251,1.0963883,0.95959556,1.1248083,0.9838524,0.9142583,1.1033866,0.9726085,0.966353,1.0007913,1.1473866,0.9829364,1.105632,0.8780669,1.0392915,1.0973724,1.1420264,0.82089996,1.1473773,1.0308366,1.0496981,1.1857386,1.1582129,1.1104963,1.1510687,1.0356354,1.1707914,1.1699524,1.1074103,1.1738169,0.96329075,1.0538493,1.1654216,0.9493613,1.0185117,1.1157124,1.1093438,1.1534956,0.91266245,1.1706691,1.0486747,1.2925278,1.007284,1.4683263,1.0289842,1.1152686,1.0553164,0.9055742,0.94933677,0.995666,1.165717,1.0379138,1.0097448,1.1021429,0.80126125
substrate_id: [39],0.89826614,0.8961672,0.96698886,1.1057831,1.0743284,1.2722676,0.99474764,0.9322526,1.0463449,1.1223086,0.9419014,1.1788582,1.2459435,1.244955,1.3763876,1.2132236,1.1917466,0.67044157,0.6809712,0.9889076,0.87595737,1.1114112,0.82366794,0.94618607,0.41238236,0.72929674,0.67144454,1.0873691,0.85718715,1.0398214,1.095964,0.8683353,0.86435497,1.1238748,0.88446295,0.81268,1.2757465,1.1125671,0.82499975,0.84613264,1.004407,1.253153,1.1151203,1.1022424,0.8892415,0.44962764,1.1281999,1.0799036,1.0492852,0.9550727,1.103595,1.0972397,0.974903,0.9376027,1.2029504,1.1231484,1.2573215,1.1366137,1.5153022,1.0954349,1.1157304,0.966181,1.0338616,1.005675,1.0854809,1.1640861,1.0867637,0.9821314,1.3827852,0.7651359
substrate_id: [41],0.6902414,0.86855674,0.9056601,0.87452453,1.0504608,1.3005627,0.5981828,0.8490284,0.7911254,1.0303897,0.93876517,1.0876931,1.1755944,1.294818,1.3200881,0.9357899,0.99125016,0.94837785,1.014769,1.1213626,0.8817529,1.2156864,1.1024486,0.7040273,0.659978,0.77791727,0.61450666,0.9480529,0.7283649,0.8869219,0.9820798,0.81655663,0.57857496,0.94234216,0.8209002,0.81949824,1.1354376,0.9502314,0.8303182,0.8806841,0.87631637,1.0264248,1.0169114,0.915712,0.9292175,0.64630127,0.81242764,1.0700959,0.7054846,0.8497391,1.0350848,1.0271132,0.9297522,0.8227426,1.0492634,0.78327435,1.1696863,0.76322454,1.3696874,0.88548756,1.0243833,0.72419995,0.6926751,0.8252707,0.85979736,1.0727773,0.90638685,0.8210595,1.1627429,0.5563533
substrate_id: [41],0.8131682,0.83527577,0.9102863,0.88350725,1.0818338,1.3783214,0.74790025,0.84296185,0.81541246,1.0475734,0.85357594,1.0517792,1.1926627,1.1843497,1.3707696,1.1178813,0.87391263,1.1544166,1.1617491,1.2375214,0.7888791,1.0742458,1.264723,0.7720618,0.8761675,0.9992708,0.7755392,0.80157936,0.8602423,0.7558353,0.8916934,0.98268,0.7781516,0.9178618,0.89829886,0.93997234,1.0548718,0.8301191,1.0197164,1.0573735,0.7643017,0.9920441,0.8603041,0.7858542,0.9136061,0.8029697,0.98635,1.0442871,0.9317708,0.9786871,1.0924058,1.0836248,0.94530416,0.80808425,1.1882731,0.9962153,1.3631313,0.9750019,1.4276617,0.92894953,1.0790827,0.9222362,0.78605646,0.7888306,0.9331338,1.1193299,0.97649765,0.99182945,1.0029052,0.64793867
substrate_id: [43],0.7056343,1.1689297,1.3180294,0.86145276,1.28675,1.422357,1.0620449,0.99920154,1.032932,1.0914739,1.024847,1.1631185,1.3095981,1.3832788,1.4155328,0.99736226,1.1970152,0.9654136,1.0426965,1.2145004,1.0092607,1.1845421,1.1903309,0.60975665,0.9669274,0.9772373,0.7145667,1.2525585,0.9798101,1.221109,1.2730057,0.9038547,1.1011328,1.2962043,1.2386475,1.2403207,1.3382614,1.200519,1.0703348,1.0723236,1.2106684,1.3159593,1.1501929,1.0318468,0.9838408,0.94296587,0.7292195,0.72546196,0.86129606,0.17399777,0.32282203,0.31384978,0.64778435,1.0232433,1.1083217,0.8000684,0.93142086,0.81406873,1.3106029,0.9459995,0.38762736,0.8212095,0.8621123,1.0192052,0.86895037,0.49345368,0.62727135,0.541891,1.2649302,0.7875379
substrate_id: [43],0.66368234,1.1162633,1.2764727,0.82070327,1.2701528,1.4292995,1.0003599,0.9623438,0.9734885,1.0667399,0.9994503,1.1328262,1.2742553,1.356859,1.4039251,0.9818119,1.1431508,1.0023686,1.0807129,1.2304028,0.9777758,1.176909,1.2002325,0.5884486,0.98567504,0.98827666,0.7010072,1.2440528,0.9220439,1.2122681,1.2687017,0.8861212,1.0813261,1.2830698,1.2434807,1.2511957,1.3307434,1.1852353,1.0521966,1.0603691,1.2060989,1.29148,1.145843,0.9859373,0.9707413,0.945973,0.71437407,0.6905098,0.8350842,0.16700825,0.33486697,0.3225956,0.63724405,0.9790281,1.090006,0.7910786,0.95262873,0.8025309,1.2999359,0.9198209,0.40524226,0.8127496,0.8287288,0.977835,0.84314966,0.5043143,0.5810082,0.5337441,1.2296913,0.7371819
substrate_id: [43],0.6963271,1.102795,1.2384255,0.8239898,1.266775,1.4298166,0.96786636,0.95717704,0.9490548,1.0985386,1.0047611,1.1617148,1.2861637,1.3517336,1.4102992,0.958819,1.1651161,1.0031215,1.086565,1.2322435,0.9842108,1.1702265,1.1965772,0.5645848,0.97834337,0.9966146,0.7124197,1.2132254,0.96419597,1.1717244,1.2429086,0.9100425,1.0405806,1.2601022,1.1995022,1.2092588,1.3264651,1.1801705,1.0789998,1.0841295,1.1645811,1.2818474,1.1415896,1.0267668,0.9721443,0.9538485,0.71560913,0.72265005,0.8103434,0.19807735,0.31629056,0.30493036,0.6657457,1.0108284,1.099193,0.78376776,0.9756603,0.7889326,1.3034102,0.9328356,0.37461612,0.82015073,0.82155836,0.9794147,0.85928565,0.46801114,0.61415076,0.5603886,1.2011597,0.75799245
substrate_id: [44],1.2726139,1.064584,0.7049142,1.2924429,0.6420411,0.7538939,1.0059875,1.2537203,1.1113327,1.2998422,1.3118747,1.3232824,1.1732779,1.2635549,1.3495955,1.2975209,1.467066,0.7869694,1.0509052,0.66855156,1.210467,1.323095,0.9677333,1.2838854,1.0871695,1.2579011,1.231953,1.2216563,1.2031219,1.1739833,1.2138568,1.4023594,1.0480239,1.3053894,1.1388447,1.1231539,1.3163232,1.321861,1.3020688,1.3373673,1.1551797,1.3661665,1.3242848,1.3499199,1.3357224,1.1087524,1.3174646,1.3648269,1.225473,1.245088,1.3040712,1.3008181,1.3260232,1.162447,1.3304546,1.3143016,1.332121,1.2845267,1.5968776,1.3293458,1.3053681,1.3110479,1.2801604,1.3090658,1.3019825,1.3653816,1.2717719,1.2281086,1.3701878,1.164158
substrate_id: [44],0.5583155,0.98143035,1.1026716,0.7952718,1.1955088,1.3968221,0.8464396,0.8228135,0.9195697,1.022277,0.8874327,1.0983129,1.3145505,1.3052136,1.3600407,0.9962673,1.1135813,0.885039,0.89048266,1.1700133,0.8947892,1.1942549,1.0803531,0.6315878,0.41221133,0.5154894,0.36478597,0.993704,0.67523295,0.9612327,1.0052811,0.5649732,0.71171117,0.9755376,0.8392202,0.8058693,1.1439209,0.9316083,0.6452933,0.6644534,0.9346121,1.1019486,0.9887076,0.8564483,0.80056536,0.45122313,0.9110506,1.0198439,0.7862817,0.71437633,0.90633166,0.8986696,0.79337126,0.8661374,1.1291935,0.9137623,1.1957281,0.92095673,1.3605088,0.95656097,0.90836066,0.7133927,0.8569628,0.908326,0.93458265,0.97069526,0.90276927,0.8261479,1.2860862,0.57979715
substrate_id: [44],0.6054968,0.9763643,1.0467438,0.8179549,1.1391375,1.3559328,0.82872283,0.861513,0.94896656,1.014755,0.9118589,1.094782,1.3000647,1.302773,1.3805151,0.991792,1.1171223,0.8546816,0.8673127,1.125133,0.9086821,1.1981227,1.0881678,0.6169406,0.3762791,0.5195153,0.41156057,0.94188195,0.6892179,0.90206426,0.98241276,0.591888,0.65709305,0.92864686,0.7743237,0.7440695,1.1451163,0.89844054,0.6614802,0.6750181,0.8713387,1.0609912,0.963949,0.88256574,0.8381989,0.44238618,0.92874575,1.0623056,0.78038895,0.76179415,0.93806845,0.9320132,0.8696342,0.88375616,1.1053858,0.9157342,1.2138274,0.9082741,1.3742574,0.9628563,0.92620367,0.72231686,0.83427626,0.88862294,0.9401781,0.9932112,0.9652924,0.8540965,1.2204019,0.5954673
substrate_id: [44],0.7954569,0.868704,0.9609784,1.0094714,1.1021924,1.3032055,0.8070147,0.9526195,0.9629758,1.0951108,1.0040098,1.1716912,1.2560709,1.3608147,1.3667397,1.0702968,1.1264899,0.78017086,0.83040476,1.0624259,0.90472174,1.1602215,0.92529213,0.8367252,0.4000977,0.685987,0.61928123,0.9552422,0.77131665,0.9105694,0.92833906,0.80196005,0.61934644,0.9195004,0.7259171,0.67696404,1.1262258,0.9438797,0.76939,0.80297893,0.88433975,1.0445154,0.9832892,0.9476829,0.9653098,0.44064426,0.9692246,1.1078373,0.8703769,0.9138162,1.093475,1.0863253,0.9168284,0.8955385,1.131824,0.9585408,1.2082721,0.96411556,1.4419032,1.0420579,1.0928068,0.8489486,0.90996015,0.9437244,1.0071515,1.1582059,0.9889455,0.9114547,1.3222822,0.67088306
substrate_id: [44],0.69777894,0.98546255,1.0522132,0.8096383,1.178338,1.3667283,0.79847616,0.9102506,0.89490145,1.0896645,0.9261542,1.1387819,1.3515961,1.1880589,1.2644264,0.8857095,1.273946,0.92287505,1.0651386,1.1577638,0.9066705,1.1633296,1.0187718,0.71618795,0.75824696,0.9100789,0.6775025,1.0583818,0.9471395,0.9767993,1.0720552,0.95314556,0.7364062,1.0647401,0.85527253,0.8548294,1.2561811,1.0952919,1.0573059,1.0801346,0.9691195,1.1791552,1.0468384,0.9974098,0.9069873,0.8102097,0.8659566,1.0252897,0.7135289,0.7307681,0.89665407,0.8920982,0.91150486,0.9298413,1.0430514,0.83884156,1.0283185,0.82718754,1.3432367,0.9278613,0.89049053,0.7766995,0.8454259,1.0069003,0.9060247,0.9578841,0.9545417,0.7582663,1.3696686,0.73047775
substrate_id: [45],0.8028901,0.71899575,0.8806905,0.9092015,1.0163244,1.2992567,0.85598,0.98795235,0.95984656,0.97300124,0.961809,1.0351063,1.195706,1.36251,1.3369955,1.1909678,0.9825497,0.84829694,0.91246074,1.0560522,0.79032624,1.0253245,1.0138376,0.71242476,0.6974046,0.9444601,0.7346333,0.8470696,0.8744945,0.80108047,0.83449006,1.0054115,0.7750517,0.92603534,0.83541745,0.8547874,1.0186607,0.8441183,1.014493,1.0507694,0.7837639,0.9714231,0.7766053,0.8154695,1.0184331,0.6303595,0.9621312,1.0118515,0.98473066,0.8384913,0.9657806,0.9585988,0.9007243,0.787632,1.0518659,0.97287875,1.183837,0.9554577,1.512413,0.9294053,0.94557905,0.9130598,0.79767656,0.82118905,0.88853973,1.0171485,0.93260473,0.8379388,1.1020577,0.6067714
